id,question
800001,预期不能为企业带来经济利益的资源不能确认为资产是错的。
800002,请问下物流公司税负率多少？老师
800003,老师，两个人投资设立的有限公司，可以申请核定征收吗？如果可以，怎么申请？核定的话，是怎么交税？
800004,宋老师，要是公司名下没车，停车费和过路费能入差旅费吗？
800005,"要打的借条到底是10元还是8元？刚才群里的老师说是8元。
10元还有这种情况，就是前一任出纳每次转钱给老板时是有打借条的。中间换了人，后一任出纳没让打借条，然后又换了一个出纳，那要补的借条怎么补"
800006,老师，建筑业增值税税负率是3%，是什么意思呀，是按照收入的标准来算的吗？
800007,@宋老师:续之前企业所得税申报的问题，请问正确的本年累计数，是以税局申报系统里面的金额为准吗？
800008,请问，实操中我下载的报表excel都是受保护的，我想对表格进行编辑学习，怎么能撤销保护，密码是多少？
800009,与外商投资企业发生业务 外商投资企业会开发票吗
800011,@邹老师: 老师您看下案例题分录 或许就明白了
800012,老师，企业所得税第一季度亏损，第二季度盈利，申报第二季度的时候可以弥补第一季度的亏损后的利润总额来缴税吗？企业所得税是按本期数的金额还是按累计数的金额来计得缴税的？
800013,老师您好！保洁公司给我们开的保洁费发票我们入管理费用哪个明细下较合适
800014,开票单价大于开票限额，这样怎么开票
800015,驾校的教练车二手车评估费入什么科目？
800016,我想问一下，我是在代理公司做外账的。现在有一家15年的企业要注销。因为换过挺多个会计接手的，之前的会计一直有帮这个企业做租金！！问题出现在这个企业是挂靠在我们公司的，。上一年的账我是不是最好不要动？还有我应该要怎么帮这个企业调账？
800017,老师好，别人在税局大厅给我们开的增值税专用发票的抵扣联丟了，怎么办，这张发票还能用吗，谢谢！
800018,我公司现在有一张进项票是失控发票，现在进项税已经交了。那账的分录该怎么做
800019,物业公司开票开：水电公摊的，水电费不算我们的收入，要把水电公摊的计入其他应付款吗？是水电公摊的是价税合计一并计入其他应付款，还是要把税款分出来计入应缴税费-应交增值税
800020,老师，做会展咨询的小规模公司一年开票金额达到多少会成为一般纳税人
800021,房产取得是2016年5月前取得的，租金采用简易征收的话，分录是：借：应收帐款，贷：主营业务收入，贷：应交税金－简易征收？
800022,"老师，所得税汇算清缴的税费在补交所得税后,这个税费在6月30日进行财务报表填制的时候应该填在哪里？"
800024,9月认证的发票，做到10月的账里，请问这样合规吗
800025,出口产品需要到工商办理哪些手续
800026,我们是建筑公司，收到工程款后写的是借：银行存款  贷：预收账款，给对方公司开票后应该怎样上账呢
800027,你好老师，小规模纳税人增值税申报一个季度的报表是哪个月份的，比如第三季度的，按哪个月的报表呢，是9月份的还是怎样
800028,老师 负债清偿损益明细表里 无法清偿的20000元其他应付款怎么填
800029,个人租汽车给公司，除了国税缴纳增值税、地税印花税等，个人租入的收入要不要交个人所得税啊？
800030,你好，我开一张技术服务费的发票专票出去，分录怎么做呢
800031,"老师：每月末做结转期间损益，到年末12月时，是不是要把本年利润余额结转到利润分配/末分配利润？
借：利润分配/未分配利润      
      贷：本年利润"
800032,请问缴纳的房租到年底一次性计提全年的房租可以吗？该如何入账做分录？
800033,会计做帐要准备什么帐薄之类的。谢谢，制造业的
800034,速达软件，财务费用利息收入不会在汇总表中体现，导致财务费用余额不对
800035,老师，公司招聘的临时工、兼职工需要签临时工协议吗？
800036,办公室租金费用入什么会计科目，具体到二级科目
800037,"老师，我财务报表上只有3个数据；货币资金1000，其他应付款20000，未分配利润为-19000,。请问资产处置损益明细表和负债清偿损益明细表怎么填"
800038,老师 公司一直有两个人在交社保了 其他业务没有了 但是2016.11月份的税忘记申报了 后来在12月份罚款了200 社保银行流水上也没扣 那12月份的帐要怎么做 工资还要计提吗 11月份没有社保扣掉 那发工资的时候怎么算 以前一直没有做账的 现在想要改正确
800039,老师，这个记2是指记账凭证2号凭证，那这个2241啊其他应付款代表什么？
800040,老师您好，我想请问下，我们一家合伙企业的A股东把自己的股份转让给B股东溢价转让，请问这个要交个税不，是按照财产转让所得交税吗。个税是由谁代扣代缴
800041,老师 公司车间采购消毒剂计入什么科目和二级科目呢？
800042,老师，这道题看了答案之后，我发现，他的手续费并没有进当期损益，还有一个递延收益 600我不明白；待处理财产损益 还有个20也不明白
800044,请问：建筑劳务公司的成本项是什么？谢谢！！
800045,你好！老师，我们筹建期，是一期，有安评费，环评费，技术服务费是1期和2期的，但2期不知道什么时候建，也有可能不建，我把这些费用放在管理费用——开办费，可以吗？
800046,"员工开发票放错发票纸了，现在联系客人追回发票，客人说发票不见了，又要让我们再来一张给他，咋办
小规模"
800047,网银收到拉卡拉0.01元 怎么做账？
800048,老板想好查厂家的单价，要求进货单归类一起放，我记账不能这样放，怎么办？老板说有时候想查厂家的进货价
800049,老板想好查厂家的单价，要求进货单归类一起放，我记账不能这样放，怎么办？老板说有时候想查厂家的进货价
800050,老师我想问一下，工装之类的劳保用品一般放在什么科目里呀
800052,老师，软件开发普票税率是6%吗？
800053,那我要怎么办，作废上一张不行吗
800054,你好， 公司的帐20017年8月之前 税都是代账公司报，所得税4-6月代账公司报盈利2万多，交了几百元的税钱  代账公司都没做账，我接回来之后，我做账 我做了4-6月报表盈利了20万，这样要紧吗？ 但是账务做到9月后，为了少交所得税  做了盈利3万多，7-9月是亏损的 因为9月结转了所有的工程材料和劳务成本， 4-6月盈利的有收入的是卖产品的收入，公司没有相应 的成本票 也没费用票来抵 导致4-6月 盈利20万，但是申报4-6月所得税才报盈利两万多点，我这样我有什么责任风险吗 或则税务上有什么风险吗
800055,老板以20万收购一家公司的60%股份，但是法人和公司名字不变，要税司及工商变更，那对公银行账户是怎么操作的，你有没有相关的转让协议或者合作协议样板呢
800056,请问购买课件是多少钱？
800057,老师，年底发双薪的话，是不是第13个月的工资单独计算？
800058,老师 我们是小规模纳税人，甲方提供材料，对我们有什么影响吗  成本怎么核算
800059,老师，个体工商户个人所得税是一年一交还是每月都交的？那计算依据是什么呢？目前有两家门店，法人不一样，一个店是每个月都一样的个人所得税，一家店确实不用交。问税务局，说开票金额没有达到所以不交，我有些不懂，请老师跟我解释一下。
800060,老师，比如员工基本工资3000，奖金800，12月份发放双薪制，那么双薪的个税怎么计算？是不是3800/12确定税率为3%，然后3800*3%？
800061,老师，请问就是公司因为工作需要，需要合作方工作人员来我司所在地办公，然后我司为对方工作人员支付的住宿费是怎么做借方啊
800062,老师，我想问一下就是现金会计需要做哪些工作内容
800063,老师，我们公司开预收款发票，但是当月钱没收到，我怎么处理？
800064,税控设备利技术维护费本期填了附表四，但附表一未填抵扣金额，怎么办
800065,老师，请问发票开错了，跨月的，冲红了，请问他们要将购方发票退给我们吗？
800066,我可以月末按进销存的总收入和总成本一起做一笔分录到记账模块吗？
800067,若是按3%税率计算，企业所得税应该是1213.59元，和5%差额为23.12元。其实我们是3%税率，小规模纳税人，发票开错了，但对方不退票。以上3%和5%税率差，这样情况我们要补增值税和所得税吗？若补缴税了，是不是就要把营业收入也按3%入账呀
800068,采购财务软件，先支付了50%的款项，同时收到了50%款项金额的发票，是先把这50%的金额入账到无形资产吗？最后是等到支付完所有的合同金额，再摊销吗？
800069,请问老师这些数据是填12月份的金额还是填1-12月的累计金额？
800070,"老师你好，我司小规模电力设计公司，设计服务费开票后，分录借:银行存款，贷主营业务收入，应交税金-增值税
需要结转成本费用吗？如需要，怎么做会计分录"
800071,老师，我可不可以不按发票的吨数入库，可不可以按应收数，实收数来做
800072,私立医院营业执照下来了，医院还在装修没开业需要申报税吗？报税需要密钥和报税盘吗
800073,老师，小规模纳税人季度销售额没有超过9万元，但是之前销售商品时让税务机关代开过增值税专用发票，这种情况不是应该不用缴纳增值税的吗？为什么还要交税？
800074,老师，小规模纳税人季度销售额没有超过9万元，但是之前销售商品时让税务机关代开过增值税专用发票，这种情况不是应该不用缴纳增值税的吗？为什么还要交税？
800075,房产税怎么计算，有自有100万平，其中50万平自己用，50万平出租，，这个要怎么算呢？
800076,老师好，看了答案之后，我发现，他的手续费并没有进当期损益，还有一个递延收益 600我不明白；待处理财产损益 还有个20也不明白；如果说是顾客拿20块钱零钱，为什么不计入营业外收入？
800077,老师，请问员工离职，补偿一个月工资5000元，这个要不要交什么税
800078,老师好，公司在银行办法的金卡，收取的年费，怎么做账
800079,资本公积大于公司的注册资金的话，那用资本公积转增资本是不是前期认缴的股东就不用实缴了，直接用资本公积帮他们实缴了？
800080,平价代采购，怎么写分录
800081,@宋老师:续之前企业所得税申报问题，刚才查看之前的申报表，发现2季度申报本期金额有误，导致出现这个差额，请问这样该怎样进行调整？
800082,老师，公司是做创意生态农场的，请问有这方面的核算课程吗？
800083,老师请问一下那个建筑行业的税率怎么定的呀？是建筑行业一般纳税人的那种
800084,去年会计有一笔一千多块钱的增值税是属于小微企业免交的，但是她没有做账务处理  导致我今年的账上一直挂着这笔增值税  怎么处理？以前年度损益调整吗？
800085,老师，职业年金怎样入账
800086,"老师我有一家公司   经营了2年一直没外账
就是之前的会计 一直0申报
那个增值税又  乱申报一个数字 
我这个月 把  外账  全部补齐了，账面满目苍夷
不知道会不会有事"
800087,老师，我公司是家俱生产企业，生产各种型号的木柜子，用的板材有几种，五金件，耗材等，这些材料成本要怎么分摊啊？
800089,老师，请问发票开错了，购方做账了，不愿退回，跨月的，我们开了红字发票，请问票据怎么处理？
800090,老师，2015年12月暂估入库应付xx公司100万，当时已经结转成本了。1、要怎么冲掉这笔暂估应付款？2、应付x公司我们现在那个月都有交易，每个月收到发票都有冲暂估的，但是因为每个月都有销项，收到这个x公司的发票之后冲了之前的100暂估应付，现在每个月又要暂估应付x公司，这样做对
800091,您好!老师，筹建期，所有的费用记在管理费用——开办费，那用不用设三级科目，把费用细化？
800092,邹老师 你好  我有一家公司 经营了2年一直没外账 就是之前的会计 一直0申报 那个增值税又 乱申报一个数字  我这个月 把 外账 全部补齐了，账面满目苍夷 不知道会不会有事
800093,老师，借：预收，贷：其他应付款，在现金流量表如何指定
800094,老师，请问发票开错了，购方做账了，不愿退回），跨月的，这笔业务存在，要给哪些票给购货方
800095,老师，采购财务软件，先支付了50%的款项，同时收到了50%款项金额的发票，是先把这50%的金额入账到无形资产吗？最后是等到支付完所有的合同金额，再摊销吗？
800097,今年会计从业是不是不用继续教育了？
800098,同一天发生的不同类型经济业务能写到同一张记账凭证上面吗？
800099,你好机关事业单位也需要缴纳残疾人保障金吗？
800101,老师 请问  公司给代理商们报销车费、住宿费等  这些算在业务招待费  对吗？还是有更好的科目？
800102,老师，海关专业缴款书显示的这个还用去税务局么
800103,请问老师我本季度的现金流量表的本期金额和上期数反映的是那个时期的数？
800104,企业从外地搬来  固定资产有些已经超过10年，还提折旧吗？ 还有不到十年的
800105,凡是会计主体都是借方的这一方吗？
800106,老师，股东实收资本未到位，能否办理注销？如果不能，有哪些风险？
800107,老师 我们用九月对公账付款买了东西 但是对方开票开到了另一个公司（也属于我们内部公司） 怎么办  而且九月已经拿银行回单做账了
800108,想请问下，年底发放双薪中的第13个月的工资具体金额单位可以自己决定的吗？比如给A5000，给B7000？ （A平时月工资3000，B月工资5000），可以不按他们平时工资给予双薪的咯？
800109,我们是一家投资公司，我们要筹拍一部电影，跟一家甲方影视文化中心签订了这电影个项目，甲方负责所有项目的政策审查、政策指导、行政审批、监督监管、协助拍摄等工作，如发生相关费用，经乙方确认后由剧组承担。但是我们投资公司没有电影制作业务，委托另一家影视公司做（是我们自己的），我们现在的投资公司给甲方已经汇了二笔款了，这二笔款我是应该入成本吧？可以吗？
800110,老师我想请问取得收入却未开票是否可以的，有规定是哪些收入可以不用开票的吗
800111,老师，我想问下2018年中级职称的报考条件，我是非会计专业的，09年毕业，就考了会计证，2013年拿到的初级职称证书，这种情况，可以报考2018年中级职称考试吗？
800112,@邹老师还是上次那个问题。
800113,@宋老师:借：库存商品-暂估入库，贷银行存款，然后发票来了再冲回做个正确的分录吗？如果还没等发票收到先卖出去而且开票了怎么处理？
800114,汇兑损益每个月都不结转，可以留到年末一起结转吗？
800115,老师，你好，我想问下 可以买什么中级的练习题和综合题来配合听课做呢
800116,上个月因为是领导个人打款给租房公司交的押金，做的借：其他应收款，贷：现金。后来租房公司把钱打给领导个人了，现在领导把钱打到我们公司账户了，怎样做会计分录。
800117,给外包人员发的工资补贴怎么做账?
800118,老师，个人给我们公户上转了50万算借款，现在我们要还给他52万，有2万是利息，2万的利息能从公户转吗？
800119,你好老师，我们有一批买别人的旧机器，老板想入到外帐上，但是没发票怎么入到外帐上
800120,老师我的实收数量大于应收数量
800121,单位收到一张水产品的通用机打发票，品名是水产品，金额是81000，请问该交多少税
800122,您好老师！我听熊超老师的课前面听了三节后面就听不了了，视频打不开？请问是什么原因。我是会计网的终身学员，
800123,开办医院的时候购买的病床，那些是入营业成本-周转材料还是直接入费用的
800124,我们公司给别的公司代开7800的发票，税点是5个点，怎么算呀？
800125,总公司小规模的升级为一般纳税人，但是分公司是非独立运营。会对分公司造成影响吗。分公司已经注册，但是没有去税务报道，报道的话是小规模吗
800126,老师你好，购买的个人意外伤害保险能抵个税吗
800127,消防安装可以用开具石材的发票吗？
800128,"不是我公司跟美团有合作吗   然后有订单的话  人家给我们返款是按扣除佣金后的金额返钱的  那要怎么做账呢  
我们是直接按实际收款的做收入呢  还是怎么做呢"
800129,请问一下公司交房租1季度1交，下面3个时间点如何编凭证呢 ？1、银行预交房租，拿到银行回单时   2、收到3个月房租发票时，3、房租按月计入管理费用时
800130,把进销存的金额按供应商的总数记到记账模块会好一些，是吗？
800131,老师，有个3550000（含税）的购买设备的发票，现在在筹建期，这个是进固定资产的！我应该怎么做账呢？借：固定资产  3034188.03     应交税费-应交增值税515811.97  贷：银行存款3550000     吗？然后摊销的时候只摊销不含税的固定资产吗？
800132,老师，在银行购买理财产品赎回收到的收益放到哪个科目适合的
800133,老师好 我们老板几个月前注册了一个公司  没有去税务登记备案 现在想注销公司  怎么弄啊
800134,老师，普票跨月了。作废用红冲吗？
800135,总公司在市区，如果在下面的县城开工是不是需要预交缴纳增值税，如果在县城开分公司已分公司的名义开票是不是就不用预交税款？
800136,老师 公司买柴油清洗窗台使用的，计入我们科目及二级科目呢？
800137,老师，请问公司给员工购买的意外商业保险取得的专用发票，进项税可以抵扣吗
800138,老师，预收账款退回去要怎么做？
800139,结转汇兑损益是在软件期末调汇中进行吗，我看上一个会计设置的期初汇率是1，而且他从1月到9月就没有结转过汇兑损益，如果我想结转汇兑损益的话，期末汇率我该如何填写？
800140,老师 现在专票的二维码没打完 请问还能认证的起吗 重庆的
800141,想问一下出租通信设备给移动，联通等的，税率是多少，和课程内的汽车租赁业一样吗
800142,"老师毛利等于利润吗？

答疑姜老师撤回了一条消息
快乐之神(3251147790)  16:43:59
餐饮类门店租金是属于运营成本吗？"
800143,老师，我们公司借了30000块给别的公司，算是其他应收款还是应收账款呢？
800144,老师，资本化开支都没有票，也不知道多少，怎么入无形资产？专利已经申请下来了
800145,老师，我们购进原材料的发票金额是2800，但是我们给对方帐上打了3000，剩下的200，以后我们还要买东西用，这200我怎么做账？写一下会计分录，谢谢
800146,老师 现在维修费也是17的税率吗
800147,厂房过户要缴纳哪些税
800148,厂房过户要缴纳哪些税
800149,工地洗车机怎么做分录？
800150,老师，公司客户收发票，必须是客户当地税务局代开的发票，我公司业务人员在当地税务局代开发票，也交了税金了，这样的发票能否入账？怎么入账？
800151,老师，我们跟农名工签订的劳动合同，甲方应该填法人的名字还是公司的名字
800152,在发票勾选平台查不到发票的信息，核对开票信息没有错，怎么回事呀
800153,公司替别的公司（没给钱）申报商标，钱（对公）已付，发票没到，怎么做分录呢
800154,刚成立的房地产公司初期不太忙，有哪些业务分录需要处理？
800155,还有一个问题，公司收到员工的生育补贴，在她休产假期间是按照基本工资3000发给她的，现在报下来后是3370，中间的差额我们要补给她，这个如何做账呢？另外报个税的时候需要把这笔收入报在10月份吗
800156,老师你好！采购时没有向对方要发票，，而销售时客户要求我们开发票，现在产生只有收入，没有成本，所得税大幅度增加，现在补开发票回来冲账可以吗，如何调账，如何账务处理
800157,我们有一些面包过期或损坏的话是属于管理费用还是运营成本
800158,我资产负债表只有货币资金3918.04-这个处置资产损益明细表是这样填吗
800159,老师，预收账款退回去要怎么做？收进来是：借：银行，贷：应收。都要退回去：贷方肯定是银行，借方应收也要减少，不是负数怎么做？
800160,是将370元／月差额按128天补给员工，不知道会计分录怎么做
800161,"老师，请教个问题，我们母公司是A公司，子公司有B、C、D、E，公司之间的款项往来我都挂的 其他应收款-A，B，..或者其他应付款A、B、C...,合并报表的时候，其他应收和其他应付，是不是把内部的往来都要减去？"
800162,消防检测公司，检测费，外部第三方拿到项目，和公司签订合同，检测完成后，开票是项目总额，总额返利一部份给第三方，项目完成后款直接进公司公账，但是包含了要返利给第三方的一部份，剩下的公司拿40%，检测员拿60%，检测员拿的60%和返利给第三方的这部分怎么走公账，公司税怎么处理？
800163,不能抵扣的进项发票认证后，没有做进项税额转出的凭证，也可以直接在报表中操作，请问怎么操作？
800164,公司买的二手车，开票金额小于实际付款金额，入账时多出的部分用的其他应收款，以后要把其他应收款怎么结转，多出的部分是没有发票的
800165,老师，我们是典当行，主要以给客户贷款，收利息为主营业收入，但是客户有不还利息的情况，就是说，客户到还本金时，中间有几个月利息就不给了，我们也没办法，只能把本金收回来。在税法上，这几个月利息收不上来，是否会视为我们主动放弃赠送给客户的呢？另外赠送视为销售，要做收入纳税吗？
800166,老师，我们是典当行，主要以给客户贷款，收利息为主营业收入，但是客户有不还利息的情况，就是说，客户到还本金时，中间有几个月利息就不给了，我们也没办法，只能把本金收回来。在税法上，这几个月利息收不上来，是否会视为我们主动放弃赠送给客户的呢？另外赠送视为销售，要做收入纳税吗？
800167,老师，固定资产清理，进项税还没抵扣完，怎么做分录，具体分录，谢谢
800168,我们租赁合同15年8月份签到16年8月份，17年没有签，现在要去交印花税，要怎么搞？这个租赁合同印花税怎么算啊？
800169,老师，我们总公司账户转账付成本开的是总公司的抬头，但是最后货款是分公司的账户收钱的这样可以吗，要怎么做账
800170,老师你好！我们公司卖了一台车价款为66万，现在客户用两台旧车冲抵了36万的首付款，两台车已入库现在又以27万的价格卖给了其他人这笔分录该如何做呢
800171,公司的每项支出，都应该填个单据，像付款凭单，付款申请书，这类的吗？公司是个小企业，并没有在银行开公户，有时候老板让我付款我就直接用他给我的卡付了，这样对吗
800172,老师 我们月底准备对公司进行大盘点 有没有盘点的表格 盘点流程是什么样的
800173,个体户所得税怎么报？有员工的
800174,被背书人的公司全称书写模糊要写证明  背书人不愿意开 可以被背书人开的吗
800175,请问专票的规格型号没填有影响吗？
800176,老师，谢谢你，我知道我是那里错了。我单据做成负数了
800177,老师，我是钢材贸易的，进来是实际重量，而我们销出去的是理论重量，而理论重量大于实际重量，这样如果我按实际重量入账，我进项会差很多，请问老师，我可以按理论重量入库吗，还是只能按发票数量来录
800178,我们有一些面包过期或损坏的话是属于管理费用还是运营成本
800180,请问前两个月我们的进项超过了销项，导致预交的税款全部在本期应补退税额那一列去显示负数了，留抵税额那一栏就少了本期预交的税额，现在我们销项大于进项了，那前面我们认证的申报表上面出现本期应补退税额的增值税我们还能抵扣吗
800181,请问西药取消加成后，药房将西药退库后再重新入库，如果同一种西药还剩10盒，其中6盒2017年3月进货价格5元，4盒2017年8月进货价格8元，现在统一退货，平进平出是应该进货分别体现6盒5元，4盒8元，但西药房将剩余10盒统一按最近价格2017年8月进价8元调拨至药房，即出现从药房退到药库时进价为6*5 4*8=62元也是本单位应付药商的费用，但从药库再重新调拨至药房，药库的进价为10*8=80元，这中间的80-62=18元，如何账务处理？分录如何？
800182,老师，您好全盘账实操课程中的深圳广硕期初数据录入完成后，怎么总显示保存成功，期初数据错误，结转损益没法结转，怎么回事？
800183,老师 员工宿舍电费和宿舍客房电费分别计入什么科目及二级科目？
800184,外购猪肉再销售需要交税吗
800185,看以前会计做的，调整数额，红色那栏还是加上去的，有点搞不清，我觉得合并后，其他应收款的总数应该减少
800186,王老师：请问西药取消加成后，药房将西药退库后再重新入库，如果同一种西药还剩10盒，其中6盒2017年3月进货价格5元，4盒2017年8月进货价格8元，现在统一退货，平进平出是应该进货分别体现6盒5元，4盒8元，但西药房将剩余10盒统一按最近价格2017年8月进价8元调拨至药房，即出现从药房退到药库时进价为6*5+4*8=62元也是本单位应付药商的费用，但从药库再重新调拨至药房，药库的进价为10*8=80元，这中间的80-62=18元，如何账务处理？分录如何？
800187,请问下乡演出的演艺公司属业哪个们业。
800188,老师，我们使用的是金蝶软件，我打印出来的凭证都比会计凭证封面大，要怎么设置，才能让它打印出来的大小与会计凭证封面一样大？
800189,我们是一般纳税人，客户从私人账户上转货款到我公司对公账户上，并要求开发票，能开吗？
800190,老师，付现5万，我做凭证5万支付单，做成3万，下个月怎么补救，是红冲3万，再做个5万，可以吗？
800191,收到通知账上有货款汇入。出纳需要做些什么呢，需要马上去以后拿回单吗？
800192,请问老师学堂里有类似业务的实操吗？有的话，是哪一个？请指教！
800193,请问 将自产或者外购的 产品赠送他人   这个销项税额  是根据哪个金额算的呢
800194,老师，这个月由于商场补配合转账 我们是餐饮总公司账户转账付菜成本开的是总公司的抬头，但是最后货款是分公司的账户收钱的，要怎么做账 下个月就正常转
800195,老师，但是我们账户上实际就少划了这26   那这个26的差额我入到哪里啊
800196,老师，例：购买的A企业的货物。开来发票30000，我公司用承兑支付货款29800，请问老师少给的200元是不是要做收入？缴纳企业所得税？
800197,2016年1月，王某当月工资为5000元，王某所在任职单位按国家规定标准给职工缴纳企业年金的企业缴费部分，并按照当月工资的5%扣缴企业年金个人缴费部分。王某本人上一年度平均工资4000元，其工作所在地上一年度职工月平均工资3000元。计算王某2016年应缴纳的个人所得税。
800198,请问总公司与下属3个子公司的帐在采用财务软件作帐时是用一个帐套还是多个帐套反映呢了？怎样作呢？
800199,餐饮店液化气计入成本还是费用？具体的计算方法
800200,私立医院需要办理什么证件?刻什么章？
800201,老师，公司有很多的付款业务都没有收到正规发票，就是收据之类，有的还是直接自己手写个收条，这种的话能入账吗
800202,"老师，那收付股权款是不是借银行存款，贷其他应付款卖股权
借其他应付款卖股权，贷银行存款，
借实收资本    贷实收资本"
800203,老师，营业执照的地址变更，那开票资料也要变更吗
800204,老师，公司买了一部二手车，是不是按发票开具金额入账固定资产？那么折旧怎么提？因为是二手车，残值率考虑不考虑？我直接按4年直线法提折旧？
800205,请问前两个月我们的进项超过了销项，导致预交的税款全部在本期应补退税额那一列去显示负数了，留抵税额那一栏就少了本期预交的税额，现在我们销项大于进项了，那前面我们认证的申报表上面出现本期应补退税额的增值税我们还能抵扣吗，能不能不退税直接抵扣啊，退了税然后又交，好麻烦
800206,老师请问坏账装备的增加方是
800207,现在公司A与公司B合作研究开发一部机器，我司也投入技术，对方负责生产和技术。双方签订利润分配协议，双方均可销售，但每卖一台机器，都会分成收入给对方，这样收到的分成收入应该怎么做账呢？入投资收益吗？
800208,老师你好，想问下基本户账号和单位结算卡账号的区别
800209,老师，一个小规模纳税人月销售含税3万，缴纳增值税873.79，城建税61.17；小规模纳税人月入没超过3万的不用交增值税，那应交增值税873.79就记入营业外收入不缴纳了，问城建税的61.17还要缴纳么？
800210,问一下房地产开发企业支付的天然气安装费应计入那个会计科目，现在不让客户叫这个费用了，有房开企业交
800211,"老板建设此房子时什么票据都没有了，我应该怎么办？
连装修，购买的东西，都没有发票了
胡桂芳(175880750)  17:32:22
现在酒店开始营业了，我应该怎么办，求助"
800212,老师，民营医院，以前是盈利性医院现在改为非盈利性医院，国税部门有关手续是变更的，现在工商部门要我们出具清税证明才可以把营业执照给注销掉，而国税是变更没有注销以前的公司账户，现在该怎么弄呢？
800213,可以用加油票抵运费吗？
800214,老师，一般纳税人开普票，也要计算增值税销项？
800215,购买300的茶叶用来招待，当时挂账预付，收到发票，发票金额330，冲销之前的预付，余额贷30，怎么把账做平？
800216,购买300的茶叶用来招待，当时挂账预付，收到发票，发票金额330，冲销之前的预付，余额贷30，怎么把账做平？
800217,老师：我们购买了一家公司的股权5%，花了40万，应该怎么做会计分录呀？
800218,"老师我们合同是45000.00    管理费 12%，   45000*（1-12%-7.5%、    5% 、   - 2.5%）是什意思、
现在要开成本票里"
800219,老师，灯具的小配件好多，我可以做到配件的库存吗？
800220,就是会员卡充值 比方说 充20000赠10000  赠送的10000是不是一般进销售费用
800221,计算增值税应纳税额时含开普票的吗？
800222,固定资产这种不留殘值的处理方法，要去税所申请的吗？还是之前不留残，以后所有的固定资产业务都可以这样操作？这种折旧方法，需不需要去税务局报备的
800223,老师，进项认证的发票找不见了，要怎么办呢？
800224,我们是这么一个经济业务，个人打款到公司购一股东股权款，这个股东收到股权款后，用股权款支付司法划款，都是在公司账上，这处要怎么做账呢
800225,我公司前期没有建账的，进销有点乱，现在就是通过excel手工来完善，将进、销对应上来，那现在要出财务报表，能否可以仅凭目前数据来做。
800226,老师，北京营改增是16年5月开始施行的吧？
800227,"请问老师：我们打到业主那里的施工保证金好几年，现在业主退回来,另外还付了我们公司 1万多元的利息,这个利息收入可以直接到到财务费用吗?"
800228,我要登记资产的已提折旧，是看账套里累计折旧的期初额、期末额还是发生额的借贷方呀？
800229,@邹老师，税收分类编码要选吗？ 开票时要选吗？
800230,老师，请问股权转让完税证明是什么样的啊？是交个税的吗？按多少比例交呀？平摊吗？
800231,公司是小规模，以公司名义购买的车怎么做账啊
800232,公司是小规模，以公司名义购买的车是借：固定资产，贷；现金或者银行存款。 不涉及税？ 保险费也交了 有没有借:应交税费—应交增值税？
800233,"我想问下，就是我单位在去年和今年都分配了利润，造成资产负债表上面去年的未分配利润的年初余额与利润表上面本期金额之和不等于资产负债表上面未分配利润期末余额，请问这种情况是正常的吗？ 
就好像没勾稽关系了一样"
800234,老师，固定资产盘盈后续分录如何处理可以给整套流程
800235,"老师  维修费是改前和改后都是17是吗
税率"
800236,老师，员工出差的差旅费是不是可以全额抵扣的
800237,老师，我们这员工有手机费自2016年起至今没有报销，每月金额也不大，100元以内，能否一次性入账？
800238,老师  维修费是改前和改后都是17%吗
800239,老师，付款申请书和付款凭单一样不，一笔业务要两个都填还是只填一个就行了
800240,老师，我想请教装订凭证方面的问题，热熔管财务装订机  把凭证装订好后需要把凭证角包一下吗？
800241,老师您好！请问什么是双定户？是关于个体户的
800242,老师，公司账上挂了一笔其他应付款贷方余额5000，经查是2011年一公司外部人员报销勘查费未支付其款项。所以计入其他应付款，其一直未向公司索要。余额挂到现在，请问这种情况可以怎么处理，需要调账吗
800243,老师，你好，网上认证发票需要去税局窗口开通 这项业务吗？还是网上可以申请
800245,工地渣土外运费用怎么做分录
800246,供应商给与的货款折让，是不是要冲减财务费用？
800247,老师你好，现接手一家新企业，之前的会计交接不清楚，说白了就是稀里糊涂的接手了这份会计工作。之前的成本结转也不知道她是怎么结转的，现在我接手的话，能更换了成本会计核算方式吗
800248,销项发票开：467921.23元，进项发票可以认证457682.84吗？
800249,查账征收和查账征收的财务报表填写有什么区别么
800250,老师，个体户国税双定额征收，如果每个月征收定50000元，那我们如果一个月里营业收入刚好50000元，还需要交增值税吗？
800251,房租需  要摊  销吗????
800254,"电缆行业
是参照那个行业的会计学习呢？"
800255,老师请问贷借记账法的规则是什么
800256,测绘用的＂地形地籍成图软件＂是作为＂无形资产＂还是＂固定资产＂核算?财务用的＂用友软件＂呢?
800257,对账公户收到同一客户两笔钱，开发票时，可以将这两笔钱的金额加在一起，开在一张发票上不？
800258,是什么差额呀？只交个税吗？
800259,我们公司没有在银行开公户，平时我们付款的时候要填什么单据呢？还是直接付款
800260,如果原来实收资本是500万元，原来3个股东又新增3个股东，同时也增资500万元，变成1000万元，是不是这样没有发生股权转让就不需要交个税。只有发生股权转让时才交个税呢？
800261,一般好像转让的比投资的要少呀，最多相等，这样哪个减哪个呢？
800262,老师，老板的亲戚时不时往我们公司走一笔钱，他个人用房产证抵押贷款，之后贷款入到我们公司账上，再转给他个人，有时他还帮别人走，这样好吗？
800263,建投公司的账务如何处理
800264,佣金发票是多少税率呢 。个人开以及公司开的区别在哪里
800265,打个比方：一个司机接送客户总金额500元，司机那部分占92%，企业占8%那司机领取结算款也做在其他应收账款，公司那部分结算款做在营业收入可以吗？老师你好我司是汽车租赁行业，司机在接送客人，没按规定时间到达目的地，客人投诉，司机扣款金额我想做哪个科目里合适。公司被App平台扣罚款做在营业外支出可以吗？
800266,老师，兴隆经贸(5月份）业务20里：明明业务7是120元卖出去的，还开了发票，只是账未收，入应收账款。另业务11才是200元卖出去的，已到对公帐户，入银行存款。而这里的退货不应该是退的业务11的吗？所以借方不应该是银行存款吗，怎么是应收账款？是因为没有银行退款交易凭证所以从应收来抵是吗？
800267,老师收到一张专票，已经认证，抵扣联和记账联都丢了，现在也联系不到对方单位，可以再转出不抵扣吗？这样操作有什么影响吗？
800268,快帐软件可以同时登入几个人使用?
800269,老师:报所得税的收入是不是看销售的不含税收入了
800270,老师好，我们8月份盘下的公司，10月份才申请了一般纳税人。8-到现在是用Excel做的账，现在开始用金蝶软件做账，我想问下科目表的期初余额该怎么填。另外我们现在所用的东西（我们是物流公司，都是用的现有的东西，叉车，电脑什么的），这些我要体现出来吗？如果需要要怎么做？另外我们是合伙盘下的，别人投资进来的钱怎么算（投进来的钱也已经付了转让费了）。问题比较多，麻烦老师了。
800271,查账征收与核定征收的区别？核定征收的好处
800272,老师彩票平台的经营模式跟账务核算要怎么做呀？一点概念都没有
800273,期初A产品是5件，金额250元，B产品是40件，金额是800元，月末入库A产品4件，半成2件，销售3件件，金额180元，B产品月末入库10件，半成品2件，销售20件，金额是600元，如何算材料成本
800274,老师，分录是接：银行存款95，手续费5，贷：预收账款20，其他应付款80，现金流量怎么指定？我怎么都指定不平
800275,市政道路工程渣土外运，可以计入工程施工-合同成本吗？
800276,老师，我季度不超9万元，只是其中一个月营业额达到5万元，我不明白为什么要交增值税？，（个体户国税双定额征收，如果每个月征收定50000元，那我们如果一个月里营业收入刚好50000元，还需要交增值税吗？）
800277,我们公司9月份成立，小规模纳税人，9月份没有计提工资，10月份发工资时借：管理费用-工资  贷:银行存款，其他应付款-社保，个税   这样行吗？ 9 月份资产负债表上应付职工薪酬也没有做   这样行吗，请老师详细回答
800278,江苏的初级报名链接有没有啊老师
800279,老师，我们有的付款业务，什么票据都没有，这个就做不成账是吧
800280,"金蝶财务软件为什么，凭证的序号每个月的序号为啥连着前面一个月的序号，不是从1号开始，
上个月已经结帐了"
800281,9月份没有做计提工资，10月份发工资，做计提9月份工资，再做发放工资行吗
800282,老师:房地产开发公司的客户买房用公积金是怎么回事，能详细讲解下吗
800283,老师，煤炭增值税专用发票为什么有人12个点就能开出来？
800284,市政道路工程渣土外运怎么做会计成本
800285,你好老师，我公司银行外币户（外币余额为0但本位币借方还有余额，我该怎么冲账呢？）分录是？
800286,"领用材料A产品：1、铁10斤，单价45元，金额450元，;2、螺丝钉23个，单价0.02元;B产品：1,管子14条，单价11元，金额154元，扣扣15个，单价0.05元。二个产品工人工资是70元，如何分配材料"
800287,公司收到为不是员工付款的火车票和飞机票如何入账合适呢？
800288,请问老师，我单位向a人员购买沙石，a未能提供发票，a就联系了b，让b和公司签合同，并支付货款给b，由b开普通发票给我公司，这样税务会查吗？是否符合要求
800289,我有一个民办事业单位业务，它的注册资本金如何处理
800290,老师我只做过一段时间出纳，我在想去记账公司看看是否学起来更直观适合我，还是自己在网上学更适合我？
800291,老师=新开公司，股东没交股金，就已经营，也没有实收资本，发生成本费都挂在其他应付款股东名下，资产负债表上实收资本栏没有数字可以吗
800292,钢贸企业现在是17%的税，想增项技术服务这项，开服务费发票6%的税的可以吗，如果可以需要有进项票吗，怎么取得进项票
800293,政府拨款建设光伏发电公司 分了两个账户拨款 一个是零余额账户  一个是专项扶贫资金 专项扶贫资金只能用于付工程款 而且还只能转账，那这个钱到底是进实收资本还是走专项应付款这个科目
800294,老师，请问收购农产品时自己开票怎么报增值税？
800295,今年9月份刚成立的企业，还用办五证合一吗，现在社保局还没做登记
800296,税负2％，怎么根据税负算应交税费
800298,这个缴纳08月份地税税金，营业税、城市维护建设税等这些不计提吗？
800299,老师，有木有成本核算方面的书籍推荐，谢谢
800300,老师，你好！我想问一下，我们在银行开立基本户，会有账户维护，账户维护管理费，我应该记在“管理费用”而不是“财务费用”吧！？
800301,老师，快账的开办费具体指的是怎么呢？
800303,老师，假如销售额100000税负2应交增值税就是2000，如果销项20000，就要认证18000的票吗？回
800304,老师，企业法人往企业账户里存钱没写投资款，所以计入了其他应付款，那我想知道发生什么样的业务能冲销其他应付啊
800306,这发票的格式有问题不
800307,"买回来的材料又拿出去用在安装上了,管家婆做账是先做材料入库，再做销售单开出吗"
800309,老师，刚听了齐老师的课，有个问题，人工也可以开发票，是指劳务票对吗
800310,请问，法人出钱买的办公用品固定资产可不可以直接借：固定资产/管理费用-办公用品，贷：其他应付款-法人，然后企业账户里有钱是借应付贷银存
800311,比如10月份要发工资了，可是有个员工是迟来10月份他是有工资的，可是还没有到约好的时间发，这该如何处理，他的名字能在发放工资的报表里吗
800312,老师，建筑业预收到了一笔工程款，还没有开票，现在要按未开票收入报增值税，有留底税额，如何做分录呢？
800314,老师，我身份证过期了可以报考初级吗？
800315,进了一批红枣，经过分级，然后包装，在销售，会计分录怎么做？
800316,餐饮发票的发票联弄丢已经隔月了，怎么办？
800318,老师您好！请问逾期申报增值税产生滞纳金，这滞纳金是按哪个金额计算的？是含税销售额？不含税销售额？还是增值税额呢？
800319,别的公司给我们开具劳务费吗？
800320,老师你看我这道题写的对吗？
800321,实操练习金马商贸营业期1月中，月底应付账款科目余额45900，但是资产负债表中应付账款余额填的是136355元，是老师错了吗？
800322,有一个个人，他有一个提成，他从他们公司提不了款，然后通过我们公司打那个款之后，然后吧这个钱给那个人，这样的情况应该怎么做账好呢
800323,请问可以在税前列支的科目有哪些？是可以全额抵扣还是只能部分抵扣？
800324,当请问月未认证的发票如何做分录？下个月抵扣了又如何做分录？
800325,老师:公司的结算期是每上月15到本月15日，跟银行的结算不匹配，做账务处理应该怎么做才更合理？
800326,老师开出去增票要和银行银行收入单位名称一致吗
800327,老师，我们是新成立的小规模商业企业，10月是第二次申报地税，这两上季度收入差不多都是报的85000元的样子，但是在申报附加税的时候，我没有交印花税，有没有问题?税局会不会说我偷税漏税啊?
800328,个体工商户开发票100万。超了20万。税怎么算？
800329,好的，谢谢老师！
800330,老师，工程上的验收费，试验费要放在管理费里面还是放在主营成本里面
800331,我们用用友软件做账，每月只是打印出来记账凭证，账簿没有打印过，是不是到年底都要打印出来
800332,打扰下老师，还在吗？
800333,您好，一般到国税申请开红字发票能在当天就办好吗？还是要过很长一段时间才批准？
800334,请问：公司进了一批红枣，分级包装，包装用的塑料袋，发货时用的纸箱怎么做凭证？包装物单独核算的
800335,老师之前我暂估啦原材料，材料已经被领用做成啦成品，发票回来后因为原材料单价估高啦，暂估大啦，我冲啦暂估可是要冲多进的库存商品时因为是软件做账，而且还设计啦数量金额辅助核算，那我的这个是要吧库存商品上期的也冲掉，在按正确的做一笔吗
800336,不好意思打扰下老师，在吗？
800337,这么晚了打扰下老师，不好意思，我这有个小问题，老师在吗？
800338,您好，我在报小规模纳税人增值税时，我们有一部分金额是未开票金额，在填写销项税额是金税盘开出的金额与总的销项税金额是一致的吗？
800339,兼职的工资可以做劳务报酬所得，报税不呢？
800340,注塑车间的制造费用，在业务33成本中不是已经结转过了了吗，为什么这里还需结转？
800341,老师，记研发支出的分录您帮我写下
800342,如果销售费用误计入成夲了，那年终汇算清缴会有什么影响
800343,老师我想问个问题，公司新成立一家公司，税估计这几天会办好，下个月就得申报了，注册资本1000万这要做凭证吗？
800344,初级会计2018的课件更新了吗
800345,老师。请问公司有一个员工达到法定退休年龄了，但他本人没有要走的意思，公司该怎么办？辞退需要支付赔偿金吗？
800346,老师，内账中记销项，进账不？
800347,老师，去银行开一般户需带什么资料
800348,2018年初级会计职称，预习班在哪、没找到。
800349,2018年初级会计职称考试有财经界的郭德刚王敏老师讲的课吗
800350,购买货品包装物怎么做凭证
800351,老师 目前最新的固定资产认定标准是什么？
800352,"企业接受来料加工制造的代制品和为外单位加工修理的代修品，制造和修理完成验收入库后，应视同企业的产成品”。
2、为了加强对代修品等的管理，要求企业将此类商品视同自己的库存商品来管理和核算。
视同企业库存商品在备查账合适吗？"
800353,"西里云海公司将旗下的云海大厦1-3层，整体出租给某超市使用，双方合同
约定，租赁期限为2017年1月1号起到2026年12月31止，租赁期为10年，前五年租
金为每年280万，后五年租赁为300万。租金在每年1月1号按年支付。
自持物业环节账务处理
增值税＝[收取的租金 ÷（1 11%）] ×11%
增值税销项税额：280÷（1 11%）] ×11% =27.75
2017年1月1日收取租金账务处理如下：
借：银行存款 280 万
贷：预收账款 252.25万元
应交税费——应交增值税-销项税27.75万元

这里的分录可以这样吗 ：
借: 银行存款
   贷: 主营业务收入
        销项税额"
800354,王敏老师讲中级的课不
800355,老师麻烦问一下独资企业和公司有什么区别，独资企业可以自己开发票吗，是不是和小规模一样要做账报税
800356,我是SVIP包括哪些课程
800357,老师，现金科目不能出现负数吧
800358,进销存账已经有明细，月末按商品销售总计做一笔总收入分录，结转总成本，这样一笔分录做到记账模块，可以吗？
800359,灯具行业小小零件很多，如何做进销存账呢？
800360,高速费可以抵扣，应该怎样做账，税率是多少，怎样做分录
800361,如何在这里学习初级职称课程呢？
800362,苹果笔记本看回放为啥不能加速？比如选择播放速度的1.2，1.5，1.8
800363,直播回放怎么打不开，交易性金融资产
800364,法人垫的工资，我要是做研发支出的话我贷方是其他应付款嘛？
800365,应付工资里含社保和个税，计提和支付工资怎么做呢
800366,您好，麻烦想咨询一下总部财务中心和驻外企业的财务如何管理，如何进行财务管理，怎么进行财务核算？
800367,您好，麻烦想咨询一下总部财务中心和驻外企业的财务如何管理，如何进行财务管理，怎么进行财务核算？
800368,从公司内退是什么意思？是好是坏？
800369,老师，有笔货款3万，汇到了公户，对方又不要发票，我该怎么处理这个，不开票，还是
800370,填制报表时，为什么应收账款填制时要根据明细账来填制，根据总账为什么不可以
800371,比如我有一家装饰公司，别人为了贷款，要跟我签订一个假的装饰合同，那对我来说走账怎么走？内账怎么走？外账怎么走呢？
800372,请问老师，连锁药店药店的收入是以药店销售出去多少为收入，那么总公司出库给合个门店怎么做分录呢？
800373,年初预收60万货款，货也在年初发完，但是发票是陆续开的，还差20万左右开完，这样做是否有违规
800374,老师，税负有什么联系吗？为什么是增值税负比销售收入而不是销售收入比增值税负呢？
800375,"老师你好: 
我公司是运输行业，帮别的公司运输货物，挣运输费。 我在这做内账会计：
1.从公户转账给中石化，办油卡的时候，我应该怎么做分录。
2.公司的主油卡分配到各个车辆时我应该怎样做分录。
3.我们公司业务忙不过来，外请别的车辆帮我们公司运输，我们赚取中间差价，我们支付给外请人有些是以油卡抵运费的，怎么做分录？
3.有些公司也给我们油卡，抵付给我们的运费，分录怎么做？
4.我们预付给别人油卡，之后抵他们的运费？分录怎么做？
5。我们老板把油卡卖给私人，打9.5折（主要为了开票，我们进项不多）？这种油卡买卖的分录又该怎么做？"
800376,是总公司进行报税呢
800377,老师，我现在的公司，在我去之前，账很乱，老板要我给他理顺，我怎样开始呢
800378,报税流程  学习税学堂  那个模块
800379,经营范围是机电设备的批发和零售，可以开净水器、阀门的票么？
800380,银行承兑汇票属于其他货币资金吗？
800381,老师，4S店贷款卖车的分录如何做？现有的课程没有这业务，或者老师可以推荐相关的课程吗？
800382,公司在用银行存款购买承兑汇票，支付工程款，这个事项的会计分录怎么写？
800383,苹果电脑看不了回放，怎么办呢？请求技术支持！
800384,老师，企业法人往企业账户里存钱没写投资款，所以计入了其他应付款，那我想知道发生什么样的业务能冲销这个其他应付啊
800385,收到某人定金如何做分录？
800386,公司破产欠员工的工资能拿到吗？
800387,老师，个人可以找税局代开专票吗，如果可以，可以代开什么类型的，税率各是多少
800388,公司购买承兑汇票时存入了保证金，这个保证金在公司的另一个账户里，这个分录怎么写？
800389,请问老师，公司是生产加工企业，管理用办公楼的屋顶维修可以记到长期待摊费用吗？
800390,请问我公司是一般纳税人，系主营收入停车场收费，增值税税率多少？
800391,老师，我司变更股权，公司一共两个股东，账上有二十四万的其他应付款，当时是不够钱周转向股东借的，未分配利润是亏损，现地税说那二十四万其他应付款要按股东占的比例交个人所得税和印花税，有这说法吗
800393,老师，委托代销商品时，受托方收到委托方开的专票，为啥是借受托代销商品款，贷应付账款？与借应交税费进项税，贷应付账款的合写分录是借受托代销商品款，借进项税额，贷应付账款，此时，受托代销商品款是负债类科目吗？
800394,配套的配件可以不用记账吗？
800395,我们房地产开公司买钢材。  钢材我们可以不要发票然后自己去税务局开吗
800396,"公司从一般户购买银行承兑汇票存入保证金A账户，然后用票据支付工程款的会计分录，
购买时存入保证金，
    借银行存款-A账户   贷银行存款-一般户
拿到承兑汇票并支付，
    借预付账款-A公司   贷应付票据
票据到期时，
   借应付票据   贷银行存款-A账户"
800397,"公司从一般户购买银行承兑汇票存入保证金A账户，然后用票据支付工程款的会计分录，
购买时存入保证金，
    借银行存款-A账户   贷银行存款-一般户
拿到承兑汇票并支付，
    借预付账款-A公司   贷应付票据
票据到期时，
   借应付票据   贷银行存款-A账户"
800398,老师，一般说的预缴企业所得税就是提前交下一个季度的所得税吗？题目中说的预缴企业所得税7500，可是什么时候预缴的？又是预缴的哪个季度的？为何要减去7500？
800399,老师，办理变更税号前之前用旧税号开发票没有验旧怎么办
800403,我在听行政单位第二章，有个小例子是借贷都增加了，不是借增加 贷就要减少吗  我要去哪儿学习相关内容
800404,老板想把同样厂家的进货单放一起，我可以打印进销存的成本夹记账模块账里，进销单，我可以分进货单一起装订，销售单一起装订，这样操作吗？或者老师有什么更好的建议呢？
800405,老师我可以记账模块一本账，进货一本账，销货一本账吗？
800406,请问，有限责任公司税务方面是参照小规模纳税人么？
800407,老师，行政单位和事业单位的账在年终的时候要结转哪些科目？12月份的账是不是要在资产负债表日前做完？
800408,工程施工-合同成本-间接费用，工程施工-间接费用，工程施工-合同升本-其他直接费用，请问老师，这三个科目有什么区别？哪些费用该放入这些科目？
800409,麻烦老师帮我分析下这个题目
800410,为什么收索不到ppt的课程
800411,我们公司是电商，主要买办公用品的，比如扫描枪，打印机之类的东西。有时候客户买的打印机，我们进项没有那种型号，会计让我们开票就找价格相近的别的型号来开，请问这种做法合法吗？
800412,老师请问下初级会计实务里，计划成本核算是以材料采购核算还是以原材料核算，我看课程前面是说以材料采购核算，后面又说是以原材料核算，我都乱了，哪个才是对的
800414,汽车租赁公司购买汽车的发票能用于抵扣进项吗
800415,老师，水利部门拨付工程款是怎么一个流程
800416,外帐的倒推，怎么把成本合理的给推出来？
800417,想请问下培训机构的账务处理有什么特别的吗？以前没做过，只做过建筑工程帐
800418,老师，事业单位收入的勘察设计费是怎么报税的？如果本年度没有产生勘察设计费，一直零申报，年终还需要做什么怎么处理吗
800419,老师销售折扣和销售回扣怎么会计处理，发票怎么开呢？
800420,老师你好  我想请问下您 CMA证是考两门试吗？认可度高吗？
800421,老师，咨询一下:餐饮行业，购买的大米怎么录分录，是记入成本当中还是员工福利中？（无法核算是客人消费多少，员工餐消费多少）
800422,老师好，请问下有没有关于互联网金融方面的会计实操呢，互联网金融业务包括期货，基金，股票等，求救中
800423,老师，餐饮行业小吃分成怎么录分录？我们小吃是外包的，做小吃的材料由小吃师傅自己去购买，我们先代收款，月底再四六分成
800424,有讲解卖二手车的账怎么做
800425,"老师您好，有没有酒代理和日化品代理的课程？
马上要去一家商贸公司了，他们有两种业务，1是酒代理，2是日化品代理。和他们的负责人谈了谈，说以前两个部门的账混在一起，不知道具体哪个盈利还是亏损，现在招我过去要重新做账，把两个部门的账分开来做，我是会计新人，刚去应该如何开展工作？"
800426,老师，咱们会计学堂有电算化软件的课程吗，比如录入凭证，就能自动生成凭证，明细账，财务报表的？
800427,老师，我公司有份光伏的屋顶租赁合同，租金是每年六万五。但我们业务说将每月的光伏发电用的水费用也放在租金里面(以提高租金的形式)，租金65000/年已经订好了，水电再补个协议。这种情况下，对方只开租金发票给我就好了吗?(租金发票金额含水电费)，还是租金开一张，水电费也要单独开票?
800428,老师，我们是计算机高兴企业，收到区科协那边的的开办费补贴，我们可以开开办费的发票吗？可以开普票还是专票啊？
800429,请问老师，不动产和固定资产的区别，请分别举出例子！
800430,老师，光伏发电的屋顶租金是进生产成本吗?生产的机器设备保险费进管理费吗?
800431,有关销售返利的核算
800432,老师，我想问下会计学堂有土地增值税汇缴清算或税务筹划的课吗？有的话可以把链接发我吗？
800433,老师，收到区科协开办费，但是我们不在业务范围，这个还可以开开办费的发票吗？
800434,老师，请问下，如果介绍费是个人的，去国税代开，我可以公账转给他吗？
800435,劳务派遣和临时工工资的课程，希望讲一讲
800436,a公司购买了固定资产准备以设备投资b公司，a公司老板当时没有给会计说，这个公司会计就当成自己的固定资产了并计提折旧，并且固定资产总价为45万分三次到发票的。半年后老板才告诉这个固定资产应该计入b公司名字。现在应该怎么会计处理呢？
800437,同事要借现金，我可以用银行存款打给她吗？ 就不用去取现了，因为金额比较大
800438,老师，我们基本户被冻结了，开票系统上面的开户行要不要改成一般户？基本户不能交税，需不需要三方协议改成一般户？
800439,老师去银行开公司的一般户要带什么资料？
800440,有没有企业注销的清算报告模板啊？
800441,老师，小规模的网络公司能给医院开发票么
800442,老师，假如生产A产品的A材料和人工工资能够直接核算的话，那A产品的成本是计入“生产成本-A产品”呢还是计入“生产成本-直接生产成本”！
800443,老师，租用个人的住宅楼可以用于办公吗？
800444,你好，问一下，之前的账务里面开办费多摊销了一个月，成了负数，这个月我想调整一下，是直接冲这个月的管理费用么？要怎么做分录呢？
800445,老师，我们基本户开发票，让客户把货款汇到一般户可以吗
800446,你好，什么是翻领发票
800447,麻烦老师 给说一下 新公司注册需要什么流程和手续  谢谢
800448,税局报税人员需要带什么证件？
800449,企业销售废弃包装物，该包装物没入库，（比如购进方便面，方便面用了，袋子多了卖掉），不知道袋子成本怎么结转？借：库存现金 ，贷其他业务收入-包装袋。下一步借其他业务成本？怎么找成本？
800450,老师，公司自建办公楼，进的材料我直接进工程物资，然后当月直接转到在建工程可以不？
800451,我是会计学堂学员，怎么升级？
800452,税局报税的一般程序流程是什么？
800453,老师，收到租房发票时需要注意什么？有哪些情况如何入账？
800454,当月开的发票当月本来应该作废的，但是误操作，把它红冲了，有没有影响呀
800455,当月开的发票当月本来应该作废的，但是误操作，把它红冲了，有没有影响呀
800456,老师，个人所得税如何计提和交税？
800457,老师，我们往超市供货，是经销模式，卖多少回多少货款，前一段超市为了提升销量，让我们空出单了一笔，直接在收银台刷了销量，最后老板报销这笔钱，我该怎么去做账，
800458,老师您好！资产减值损失-计提的坏账准备和坏账准备在会计报表中哪里显示呢？
800459,签了临时用工合同的临时工，发放工资时，目前政策下，怎么处理较好？金税三期个税系统需不需要申报？
800460,您好，老师，我把安评费，职评费，环评费等计入管理费用——其他，可以吗？不可以，这些费用计入管理费用哪个二级科目？
800461,请问老师  手工帐的过次页承上页具体怎么写
800462,当月预缴的税款可以次月再开票吗
800463,老师好，想咨询一下股东投资款转账的时候必须备注上投资款吗？有什么文件规定吗
800464,企业注销时清算报告模板有么？
800465,登录国税局网站说是没有安装CA浏览器组件是什么意思啊
800466,老师，法人名下有两个公司，两个公司之间可以互相转款吗？没有什么业务往来，也不存在借款之类的。
800467,这个我要怎么出情况说明？
800468,老师，我们开预收款的发票，对方承诺当月付款的，但是每月底没到账，我怎么处理？
800469,老师，收到一张增值税普通发票，进项发票，对方将我公司的纳税人识别号的0打成了O，这样的发票我们能收吗？问题大不？
800470,老师好，这个手续费是进销售费用还是财务费用？
800471,如果1.2.3月  我1月份就开了9万 2.3月没开  总计9万 这种情况扣税吗
800472,老师，公司往银行账上投资钱是法人投的还是股东投?其他人也可以吗？
800473,税局注册登记当月就申报纳税还是下月开始？
800474,老师，我们是高新技术企业，收到区科协补助，让我们给他们开开办费发票。但是我们没有这个经营范围，怎么办？能开不？
800475,各行业的税种，税点及现行的改革政策
800476,老师：销售退回做几笔分录，退回的货不用加工，可以卖的。
800477,老师上月开的红字发票申请书这月申报时忘记进项转出了如何处理？
800478,农膜加工企业，一吨塑料颗粒出约0.9吨农膜，0.1吨废膜。但是废膜搅碎还可以少比例掺进塑料颗粒中继续使用。以前我盘点废膜只盘点吨数按价值0算，因为仓库月底报本月使用原材料1吨，其实最多使用了0.9吨，我就按一吨结转原生产成本了。但是这月老板突然让把废膜按所有原材料平均单价算上价值，那就出现这种问题了，由于企业小，人工少，废膜占空间大不容易称重量，只到每月底盘点一次，所以只知道这月重量，上个月重量，不知道本月使用多少？出产多少废膜。比如1月废膜10吨，2月盘出11吨，2月我借：原材料-废膜，贷什么？如果2月9吨，我贷原材料废膜，借：什么？
800480,付出电子承兑，还需要向对方要收据嘛  可以不可以直接用电子承兑银行背书成功的纸质打印件 做入账凭证
800481,你好，有个事情问下，就是那个外贸出口的，我不是开了一张发票吗？但是对应的进项现在没开出来，那人不在义乌，就暂时没法开。这样有关系吗？这个是小规模的
800482,采矿业成本怎么解决？因为费用少、税就要多上、听说可以摊一点成本、这个成本我就不会了
800483,老师你好，我想问一下企业所得税调增了是不是所调增的数据是要交税的？往来款项可不可以计入应收账款？
800484,如果公司账目金额比较大，除去必要的成本费用支出外，利润总额还有很多的话，怎样能够减少税金
800485,采矿业成本怎么解决？因为费用少、税就要多上、听说可以摊一点成本、这个成本我就不会了，它是一般纳税人、属于老项目、所以按百分之三的增值税、企业所得税百分之二十五
800486,我想问一下  公司采用小企业会计准则 发生补缴上一年度增值税  会计分录该怎么写呢
800487,想咨询一下，在新公司下注册子公司，如何实现现在公司的一个股东控股。
800488,老师，我方购材料对方不能开专票，代开51600元含税专票后要求我方补10个点，10个点应该付对方多少钱呢？
800489,老师，我们公司员工的保险是由劳务公司给我们缴纳的，10月13日我们给劳务公司打了本公司员工8月份到10月份的保险，实际我们工资只做到9月份，这样的话，财务这边应该怎么入账，具体分录该怎么做？
800490,新成立的公司购买的保险柜，路由器，小电器，办公用品等是直接计入管理费用开办费，还是先记入低值易耗品再摊销？如果记入低值易耗品是月末摊销还是领用时摊销？可以一次摊销完吗？
800491,老师，当月未认证的发票要做凭证吗？
800492,公司借个人的长期借款，现在支付个人利息， 对方不提供发票，这个该怎么做入账
800493,我开了一个店，税局定税是26000元每月，法人是我，    除此之外，我也准备成立一个公司    ，法人也是我，如果公司开的发票刚满30000的话，我不在用公司的税号开，我就用店的税票开。这样操作可以吗？
800494,老师，景区内的道路施工成本计入什么科目？
800495,老师  抵个税发票是什么意思
800496,老师，你好，一次性交三年的宽带费怎么入账？分录怎么写？
800497,老师您好！公司备用金也是其他应收款的内容吗？分录怎么做
800498,我要开普通发票给公立的大学，需要填写税号吗？
800499,请问老师i 工厂卖废品的收入怎么做账 怎么做分录
800500,老师：我们公司成立2015年7月，在2015年10月份的与深圳一家公司签订了一份股权转让协议，购买深圳公司5%的股权并汇款40万元，当时是记账公司做的帐，做的是借款，其他应收款-深圳公司，我昨天查账的发现这笔钱，并搞明白其实是购买股权，其中股权转让协议书、公司股份合作协议都有，这二份协议当初没有缴纳印花税，公司股份合作协议是到2017.10.28。 我的想法：将其他应收款调整为长期股权投资，购买5%股权的40万元缴纳印花税，这样做对吗？
800501,老师，我们公司交的的电费没有发票，我们可以用其他的票，比如机票、过路费的票来冲抵，附上电费的收据在报销单后面备注冲抵电费吗
800502,到国税申请超限量发票，一般要多久通过。我10.24.申请的。现在还显示正在受理。
800503,老师，可不可以，借:应交税费_应交增值税(销项税额) 贷:银行存款
800505,老师您好，对于超市购预付卡的员工报销，我们公司口头规定说收到预付卡发票报销，要退回，重新换票，但是员工却给了如图片上的解释 说发票可以用，怎么回复她们这种发票是不能使用的呢？
800506,老师，请问我们是新办生态农业公司每个月发给临时工的工资将近十几万，都是临时用当地村民，无法取得发票，如何做账？需要去税务局开劳务发票或者申报个税吗？企业所得税可以税前扣除吗？如果不开发票有什么税务风险？
800507,老师，我问一下，申请高新技术企业明年大约在几月份
800508,请问我接了一家公司的搬运活，但是对方公司需要我给他们开发票，这个我去哪里开呢？
800509,今年1月份购买的税控盘，当时没有抵扣销项税，当时公司属于小规模纳税人，公司7月份升为一般纳税人，现在10月份可以拿去抵扣吗，
800510,请教下我公司生产机器，从外部购买的机器的电子程序要如何记账呢？
800511,母公司向子公司无息借款，是否母公司那缴税？
800512,老师，上个月我们销售出去5000元的商品确认收入记账记得是无票收入，结转了3000的主营业务成本，这个对方要发票，这个我要做收入，结转成本，然后把上个月的收入冲了，那是不是成本结转了两次，收入做了一次，这样是不是不对？
800513,老师普票开好后盖章时没注意在购买方记账凭证那一张上印上一行数字，就把销售方记账凭证那联给客户了，购买方拿到这样的发票不能报销吗？
800514,老师你好，我是一家超市，面积大概有300多个平方，购进的货都没有发票，超市又是公司，没有成本抵扣的话，这个企业所得税就上得多了。老板也不愿意开。我的建议是再注册一个体户，一个月固定交税给税务局，可以办吗，如何核定税费
800515,老师，您好，我公司9月份开给对方专票一张，但此发票对方一直未收到，现确认已丢失，我公司还需要重新给对方开具一张相同金额的专票么？双方均是一般纳税人。
800516,老师，您好，我们公司库存商品有的因为时间长了，无法使用，有的坏掉了，这部分无法销售的商品想做报废处理，会计分录应该怎么做
800517,那我现在支付关税的这笔分录怎么做？我感觉怪怪的，想不通该怎么做呢
800518,是一个项目的劳务总收入500万以上就是一般纳税人？一个项目刚开始是看其合同总造价金额来确定收入？
800519,老师，如果我们是未报税之前丢失的发票，可以直接作废么？
800520,老师，老板让给一个总工打款10万，但是没有发票，怎么处理？
800521,老师，老板让给一个总工打款10万，但是没有发票，怎么处理？
800522,老师，老板让给一个总工打款10万，但是没有发票，怎么处理？
800523,老师请教一下，小规模企业什么样的经营范围可以开个2、3百万的或许再多点（实质就是黄沙、石子的买卖）
800524,请问老师：食品加工生产企业一般纳税人应学习哪个实操课程？谢谢！
800525,老师:小工厂开办初期购入的低值易耗品(例如:钻头\\丝锥等)批量是直接计入费用还是做数量金额式辅助核算
800526,请问一下，我公司付给对方单位“企业保险金收入结算过渡户”，怎么做啊？摘要写啥？
800527,1月份购买的税控盘，11月份抵扣，分别怎么写分录
800528,老师，我的电费有一部分是别人使用的，到时候要收回来，再账务处理上，别人使用的那部门要怎么做？
800529,老师，购买的雨衣因为质量问题，供货方赔偿了6件新的雨衣，这6件雨衣怎么做帐啊？
800530,老师你好，建材销售企业包括涂料的销售，购进的都是乳液色浆等（有发票），没有涂料的发票，现在开票老板要求开涂料发票出去，这个能开么
800531,没有靳焕一老师的初级考试讲解课了吗？
800532,请问一下老师，我司为承租方，租赁了一个门店，因为政府工程门口的路面进行修理，业务给我司打了个折扣，少收一部分租金，但因为在房屋管理局备了案，所以发票还是只能按原价开出，所以产生实际付款和发票金额不对应的问题，那现在折扣部分该怎样做分录呢？
800533,比如说一个地址两个公司，另外一家公司是不用交房租的，不过名义上签了房租协议，那这个公司做帐的时候要做房租吗
800534,老师，我们的股东原来是二个人，现在想换成一个人，可以吗
800535,老师，要在税务局大厅录指纹留财务人员和税务人员信息必须要有会计证的人员吗？如果没有可以不？会有什么影响？
800536,你好我单位是一家移动营业厅代理店  行业性质是其他贸易经历与代 现在暂时代移动公司收取宽带费，客户想要发票但是移动公司不提供我们自己可以开发票吗
800537,老师，销售货物产生的运输费计入销售费用，还是计入主营业务成本科目，有点混了
800538,请问下，1、工地上用的钢材多的废料卖了800元，是否开收据入账，是凭收据入账冲合同成本材料费？还是记营业外收入？  2、一个项目是分三个不同地方的厂房做的，开工后甲方只做同意做二个，采购材料多了出来，现甲方验证同意买下多出的材料，并把现金2万给了我们，这个怎么处理啊？
800539,"J(1655700185)  9:42:53
分成费是在应收账款里面扣除的，要怎么做账
能从应收账款科目转到主营业务成本吗"
800540,老师，我想问一下，当出纳在开支票等票据时，在日期上的具体写法要求是什么？还有数字的相关规定是什么？麻烦解答一下 谢谢
800541,我是面粉生产行业会计，平时进项税是用投入产出法计算，现在公司进行小麦交易，他的进项税如何确定
800542,咱们手机的消费账单可以入账么
800543,比如说一个地址两个公司，另外一家公司是不用交房租的，不过名义 上签 了房租 协议，那  这个公 司   做帐的时候 要做房租吗
800544,请问残保金申报的年度工资薪金，包含五险一金吗？还是实发数字？
800545,一人公司可以吗，一个股东，股东也可以做法人
800546,老师，我去国地税务局报道，是去市国地税务局 还是去省地国税局呀？
800547,老师：我们公司是酒水饮料批发的，请问：1、我们这行业的毛利率多少比较合理？2、未开票收入金额大的话，税务局会查吗？未开票收入控制在多少合理？未开票收入收据后面可以不附销售单吗？
800548,我们公司和另两公司都经营同类业务，都是一个老总开的，老总想让三公司帐汇个总帐，我要用一个帐套呢还是三个帐套呢？
800549,劳务费代开税率多少
800550,我司是工业制造业，固定资产的年限什么确定？我司已经快2年了，只有流水账，但目前有成品半成品，材料等，想做一套真实会计内账可以吗？现在可以开始建账吗？如果现在建账要需做什么呢？
800551,请问老师，我公司按照房屋租赁合同租金收入已在10月中旬缴纳的房产税，但是该租户一直拖欠房租昨天与我公司中止了合同搬出，后两个月即使对外出租也是免租期没有房租收入，这种没有实际收到租金情况我公司已缴纳的房产税怎么办？
800552,你好，老师！无纸化软件下载安装了打不开呢？是现在还不能使用吗？还是怎么的？
800553,老师，我们是服装贸易公司，新进的货物老板一家内购但是相当于赠送和员工购买但是付了钱的怎么做分录?
800554,老师，在建行网银下载打印的回单，章是黑白的，可以吗？
800555,老师，记账凭证里有数量和单价栏的属于什么格式的凭证？这种凭证编制时是逐项填制还是可以导入呀？
800556,老师你好，我在做表''H列显G列的数值而不是公式G列='E列+F列
800557,无形资产的转让应当征收增值税对嘛
800558,我们公司 是4S店    现在停业了  按理来说 我们的应付票据应该是无余额的   现在应付票据还是贷方余额  您能帮我分析下吗
800559,我上个月确认收入2000.也结转了成本，这个月要换发票，我冲上个月的收入，需要冲结转的成本吗？
800560,"个体工商户除了核定定额征收还有其他方式吗
核定定额征收方式是不是不能超过一年"
800561,"问个问题，就是之前我们收到了一笔稳岗补贴，然后用途给员工缴纳社保了，现在就业局失业保险科需要我们给用途证明材料，需要什么材料呀 ，我直接做成了。借方：银行存款，贷方：管理费用-社保
这样可以不
都过了快2个月了"
800562,现在建筑行业成本的非配比例是怎样的？
800563,excel表格发生意外错误，自动恢复被禁用怎么解决
800564,请问老师，教育辅助服务，可以开培训费发票吗？谢谢！
800565,固定资产也是可以暂估入库的吧
800566,分配比例，如人工多少？材料多少等
800567,公司注销时，国税要让处理固定资产，发票缴销完了，咋弄啊？
800568,请问一下我报个人所得税的时候要把社保扣除掉是吗？那我是扣除的是公司支付的还是个人支付的
800569,老师那预提10月份社保的话，等到11月份有工资和保险，那时候怎么处理10月份保险那部分，还要提吗
800570,公司跟员工签订了汽车使用协议，该车子的保险费和维修费能不能走账？
800571,请问老师，我们是餐饮业的小规模纳税人用什么发票比较方便
800572,施工劳务资质和建筑的资质都是一样的做账吗？
800573,那新开的这个项目总造价1800万，我还能不能按之前的小规模继续申报纳税？
800574,新成立的公司购买的插线板，小电器，路由器，保险柜可以直接计入管理费用开办费吗？
800575,7月份购买的税控盘，10月份抵扣，分录怎么写呢
800576,老师，工会经费是按上一年的工资还是当年的工资为基数计算？谢谢
800577,教育费附加提多了，交税的时候没交到那么多，怎么做账呢？
800578,老师，我们公司生产制造车，其中原材料有钢板，方管。还有一些外购件。还有车的底盘是我们买的一个20多万。我想问下我们一般卖了车都给客户开发票的，假如车卖了70万，有的客户给开50万。有的给开30万。还有的开20来万问题1.对于这个开票有的开的少，有的开的多怎么做账。
800579,机动车销售统一发票可以做进项抵扣么？为什么认证的系统里查不到
800580,兼职的工资，可以做劳务报酬所得报税不呢？800以下免税的！
800581,老师如果虚假开发票会怎么样，现在我们有一个客户非得让我们开专票，开宣传品，但是我们公司是做会展的，不是做这个业务的，怎么办
800582,老师工业企业，暂估了原材料，材料已经领用，由生产成本进入了库存商品，现在发票来了，前期暂估的大了，冲销暂估时原材料出现了负数，我的问题是冲库存商品是要按原先做的全部冲回，还是可以冲销差额部分，冲销全部等于要做冲库存商品，还的做冲生产成本，如果冲销差额部分是不是可以减少冲生产成本这一部分，
800583,公司购买的车，牌照工本费计入什么科目？要进入固定资产吗
800584,老师，我们单位业务员的提成挺高的，个税也交的多，这个提成可不可以有什么方式能少交点个税？
800585,老师问一下10月份发票要扫描认证的截止到10月底还是11月15号报税前？
800586,请问在看中级会计实务的书的时候，好多都说什么什么计入当期损益，当期损益具体是指什么科目，还是指所有的损益类科目呢？
800587,自产自用应税消费品用于连续生产应税消费品的，应纳消费税老师说的对吗
800588,货款和运费都在一份合同中，也全部都付款了，收到运费专票，我怎么做分录呢，，
800589,老师，现金流量指定是不是都要填正数？
800590,初级里面那么多资料，可以一次下载吗，还是非要一个个下载
800591,你好 老师 想咨询个问题 我公司交了14个月宽带费36000元 需要每月摊销吗
800592,为什么预付租金入预付货款当中去，不是记入其他应收款里？
800593,老师，如果虚开发票会设计到刑事责任么
800594,贸易公司，进来的发票单位写的是千克，开出去的时候写成公斤了，有影响吗？
800595,电子汇票能抵增值税发票的款吗？就是有个客户给我开了50万元的增值税发票，我能把一张50万元的电子汇票给他吗
800596,付不锈钢运费，吧台椅子，购八角珠，付灯具快递，玻玻走送用，收银台桌子，购云石胶，玻璃胶，玻璃枪，氧气瓶，佳丽返回路费，购买铁大门的锁，纸箱，消防器材运费，水晶板运费，付兴大运物流提货费，购买材料补差价，服务员押金，管理屋招待2购烟货款，广告加工款，老师 这些应记入什么费用啊
800597,"你好，汪老师，在请问下，那像这种情况，如果天猫公司也交税的话，不是二边都交了税。
那不是划不来。
因为以前是像别的企业购进货物来卖，现在是自产自销在卖
佳慧(939942238)  10:17:42
像这样的话， 要怎样税务筹划呢"
800598,老师您好！代开已冲红字发票要装订到凭证里吗？
800599,大门门头，换气扇，插座，公关住宿宾馆押金，老师 这些应计入什么费用啊
800600,老师，我今年刚刚考过中级了，经济法70分，财管71，实务80。接下来我的目标是把注会和税务师考上，但是我只有三年的时间可以考，你看我要先考哪个比较好，还是说两个可以同时考，因为有些科目是重叠的，我想听下老师的建议。有些人说先把税务师证拿下，因为注会可能拉的战线会很长
800601,去年7月新办的公司，注册资本100万，认缴制，没有实收资本，年报上资产总额为负数，报表有没有问题？
800602,"老师您好！请教一个问题：一个体工商户7月份五证合一后改成个人独资企业，个人生产经营所得税查账征收怎么填报？

财务账是之前个人工商户延续下来的，利润总额是不是只报8-9月两月够了（7月份没开票）"
800603,老师，请问企业转让国有出让权的土地需要缴纳什么税？
800604,前期计提了职工教育经费！现在怎么销账？
800605,老师，请教你一个问题，每个月车间员工的工资，月末生产成本工资要怎么分摊到主营业务成本里去？
800606,老师，其他应付借方有余额，我这个月发工资了怎么平账？
800607,如果小规模纳税人超过500万了，是主动去认定一般纳税人，还是要等国税通知？
800608,牌照费100，机动车登记证工本费10，机动车行驶证工本费10，合计120
800609,老师，以前年度多提折旧了，应该怎么调账
800610,进货价格高，但公司又调价降低了，差额如何做账不是采购价供货商调价了
800611,老师，已经抵扣的发票申请开红字了，如果当月对方没有开出红字发票和正确的蓝字发票，需要做进项税额转出吗？如果当月开出红字发票和正确的蓝字发票，还需要做进项税额转出吗？
800612,老师 收到的政府补助 做所得税清缴的时候要调增
800613,上月暂估数隔两个月票未到，怎么冲减
800614,老师，哪些是可以全额税前扣除的，比如电费发票。可以不？
800615,工程中的质量检测费可以开专篇吗？如果开了专票进项税额可以认证抵扣吗？
800616,老师：我们公司成立2015年7月，在2015年10月份的与深圳一家公司签订了一份股权转让协议，购买深圳公司5%的股权并汇款40万元，当时是记账公司做的帐，做的是借款，其他应收款-深圳公司，我昨天查账的发现这笔钱，并搞明白其实是购买股权，其中股权转让协议书、公司股份合作协议都有，这二份协议当初没有缴纳印花税，公司股份合作协议是到2017.10.28。 我的想法：将其他应收款调整为长期股权投资，购买5%股权的40万元缴纳印花税，这样做对吗？而且对方正在办理注销，后面的我应该怎么做呢？
800617,我想学下预算这块，这个上面哪里可以学？
800618,公司收到的每一张发票都要进行认证？
800619,老师培训学校交学费时候送给学生的学习用品，小礼品计入什么科目啊
800620,项目上购买材料的运费记什么科目？
800621,老师，请问，销售天然气，开具增值税专用发票，税率是多少？
800622,"我们注册了两个公司，现在把一个固定资产从一个公司账上转移到另一个公司，该怎么做账,没有发生任何交易，领导让我直接做账"
800623,考完初级好几年了，现在学中级，初级知识点和中级完全衔接不上
800624,"老师
就是增加注策资本后，在银行帐号，多长时间可以转出来"
800625,老师，用不用跟着初级老师再听一遍初级课程呢
800626,老师 您好！我公司销售分布全国各地比如上海地区的销售人员报销体检费时 我需要怎么做账？
800627,请问低值易耗品用哪种方法摊销最简便呢？
800628,你好老师，咨询一下我们是第三方公司，收到政府拨来的专项资金，应记入什么科目呢
800629,老师 这些应计入什么费用啊 谢谢了
800631,请问：每个月优秀员工奖励应怎么入账？
800632,医院系统购买了18万这个入资产类还是直接摊销费用就可以的
800633,你好老师，老板以公司名誉买了部小车，购车发票是直接抵扣吗？抵扣的话是17%吗？
800634,"购买理财产品计入什么科目好一点
没有短期投资这个科目"
800635,"有没有公司在买理财产品的   购买理财产品计入什么科目好一点
没有短期投资这个科目"
800636,几个工程一起签了一个监理合同，开票也是一起开的，账上怎么分工程做账，按照什么分配，合同只有一个总价？
800637,老师，有份52269元的专票弄丢了，一般税局得罚款多少啊
800638,老师，请问一下我现在为了积分，个人所得税报了2万元，后期我报3500元，这样子降下来会有什么影响呢
800639,超市业务3采购服装和业务7采购服装会计处理怎么不同？业务3怎么不计进销差价呢？
800640,老师，我们在网上卖宽带业务，税点是多少？
800641,请问；我公司是酒店管理，小规模纳税人，购进空调可直接入成本吗？缴纳数字电视服务费要摊销吗？
800642,老师好，我是一般纳税人，购买原材料开据了100000元的增值税发票，进项税额尚未认证，但是对方发票的存根联丢失了，对我方有什么影响？我方应该怎样做？
800643,企业用495，000购买了一张票面为500，000承兑汇票，然后抵做50，0000应付账款，请问，期间的5000元的收入该如何做会计分录？
800644,老师，帮我看下我下面的问题
800645,自己公司的行业代码在哪看？
800646,超市预付卡大家都怎么做账的啊？
800647,你好  老师  我想问下我这个月开具的红字发票显示已核销 待查证是什么意思
800648,老师，领发票是不是到任一国税局都可以领
800650,老师，我们公司给员工租宿舍是不是应该让房东给我们发票啊
800652,老师您好，公司是独资企业，老板从公司领走一笔款，不打算还回，请问这笔改怎么做账
800653,我们是贸易公司，销售款打到大股东的银行卡上，公司还能给客户开增值税专用发票吗？
800654,请问我的凭证时间错了  要如何更正？
800655,老师，请问政府补助怎么区分专项应付款和营业外收入？如果入专项应付款的话，那固定资产折旧能不能税前扣除？
800656,我公司开展垂钓业务，按钓起鱼的重量计算，应该怎么核算收入成本和税金呢
800657,老师，请问公司开一般户一般是用来做什么的？一个公司可以开多少个一般户？
800658,荣誉称号是法律关系的客体吗
800659,老师，上个月开的发票这个月冲红了，并且没有补开的话是不是已经结转的成本要冲回来？
800660,老师你好，航天信息的增值税税控系统维护费，是可以递减增值税税款吗，如果可以的话，我取得的是普票，应该怎么做分录？
800661,"老师,请教一下,客户退货给我们没有开红字发票,现退到供应商处要求我们开红字申请,现没有库存能开红字发票吗,怎么处理?"
800662,老师好，我们销售商品给a公司，但是b公司给我们付款，属于代付，那我们可以把发票发给a公司吗？要怎么才可以把发票开给a公司
800663,老师你好:我是一家汽车销售4S店，我们销售一辆汽车出去客户做的按揭，我公司用公户给金融公司支付了GPS费用，GPS是装在客户车上的，金融公司又给我们公司开具了增值税专票（用的我们公司台头），我又用来认证抵扣了，我想问一下全套的分录怎么处理。谢谢
800664,初到门窗厂应该怎样做账麻烦老师给个主办会计在这个行业的流程
800665,老师，请问可以抵扣企业所得税的费用有哪些？
800666,老师记账凭证上的日期，那些日期不能写在月末呀，
800667,我是公司新进的财务  我们之前的会计现在不在  还没有交接   之前是手工帐  现在老板要求把之前的帐也全部做到快账上面去  我应该考虑什么问题   该怎么把之前的帐也全部做到快账上面？
800668,老师好，其他应收款挂帐时间长了，有什么税务风险
800669,个体工商户要转为一般纳税人 要什么条件，办理流程是怎样的？
800670,其他应收款哪方登记增加啊
800671,老师，对于公司想要做一套账，工作中遇到的没有发票的费用如何处理呢？
800672,请问建筑企业，购买的设备月供没及时支付锁住，解锁的2000元费用入设备的固定资产还是什么科目呢？
800674,王老师：从药房退至药库时   借:库存物资/药库/西药62 药品进销差价/西药40贷:库存物资/药房/西药102； 从药库再重新调拔至药房时 (1)借:库存物资/药房/西药80 贷:库存物资/药库/西药80 (2)借：库存物资/药库/西药 18 贷：医疗业务成本/药品费/西药 18。完整分录如上可否？
800675,老师您好，我们公司对费用报销进行了费用归类，员工过来报销招标代理服务费，应该入哪个类别呢？
800676,补交什么税?是个人所税吗？按挂帐金额补交吗？
800677,李老师  怎么进你的微信群啊？
800678,私立医院用什么财务软件好？
800679,用于招待客户的住宿费专票可以抵扣吗
800680,老师，您好！请问一下，上个月应交增值税而没有交的增值税，是否要记账？还是说在下个月 缴纳的时候，直接计：借：应交税费-应交增值税 贷：银行存款（现金）还是应该怎么做呢？
800681,老师，我们租给电信一点地方做机电站，收了他们电费，现在她们要我们提供电力客户号，我想拒绝，但是不知道用什么理由好？这个电费也需要开票给他们吗？
800682,"那是能还是
可以冲销销项税  是吗"
800683,请问电子票据撤销后怎么查询在不在自己的开户行里 还有显示票据不在池是什么意思
800684,记入其他业务收入，是否要开发票呢？ 还是说凭收据入账，按17%交增值税？
800685,老师，我有个问题想咨询一下，我公司没有盈利，也没有实收资本，但是在其他应付款科目有30万的余额。现在公司想卖掉，如何将这其他应付款科目余额做成0呢
800686,老师问一下通用机打发票可以抵扣进项吗？
800687,"以前年度没有分配利润我现在可以直接把其他应收转为分红么？
依晴(1393866880)  11:13:32
账面上没有怎么盈利，基本上是把实收资本注册后又挂其他应收拿回去了，从10年到现在，需要付款再问法人借款没有有回款了又挂其他应收给法人借出去的。现在注销呢，也这样处理么？"
800688,公司交房租，金额较大刷了2个员工的信用卡，报销时直接打到员工另外卡上，那两个员工，费用报销单领款人那里不签字可以吗
800689,"我公司收到保安公司开具的专用发票 能否抵扣？
差额征税"
800690,月开票金额600000元，收到可抵扣专票税额10988元，已预缴国税10810.81，地税2342.16，请问老师，还需缴纳的税金为多少？
800691,老师，公司是四人合股，股权一样，现在其中有一个股东想撤资，把股权转让，要怎么核算？
800692,那做应付职工应酬就要交个税吗？
800693,你好，老师们，请问下，我们是新办的一家生产型五金制造类企业，工厂现已开始在运行了，产品主要是天猫销售，有一家旗舰店，但是旗舰店是老板之前注册的企业，是老板之前像别的企业购时产品后销售，但是现在是自产自销的销售，按每月出库1000台产品的话，收入有20万左右，目前是选择一般纳税人好呢，还是选择小规模纳税人好，还有就是如果天猫旗舰店要交税，企业要交税，那不是重复交税了。请问有什么好的方法，进行税收筹划呢
800694,老师，我嗯是北京的公司，公司增加注册资金，这个对于公司有什么好处吗，还有增资后，增加的资金是要一直放在账户里，还是要在账户里放多久才行呢，有这个规定吗？
800695,老师，开了发票就要确定收入吗，可是收到的服务费是2年200万，可以分两年确定收入吗，要不然所得税太多，合同也是2年的服务费
800696,施工企业，工程结算单上是400万元，结算单上批复实际付款240万元，分包开发票300万元，对总包而言，这样开的发票行吗？
800697,小规模第一季度亏损，第二季度盈利，能弥补第一季度亏损吗？所得税怎么交？按第二季度利润额还是第二季度减第一季度的？
800698,公司土地卖给自然人使用，叫转让还是出让呀
800699,老师 我公司与自然人与2002年签订了《场地使用合同》供其长期使用，合同约定使用期间所发生的一切税费由对方承担。现在稽查查到2015-2017年该地未交土地使用税，那么是我们该补交还是自然人补交？
800700,老师、我们挂靠其他公司做项目，他们账上甲方打了400000元工程款，现在要扣除13%的管理费和14.13%的其他税额，那么我们现在能收到多少钱呢？怎么算
800701,一次摊销法有什么弊端吗
800702,老师，您好，我想问一下，我们自从成立还没有收入，想做无票收入怎么做啊？
800703,请问老师，我们公司要注销一般纳税人，但是账面的库存太高了，如何能减下来
800704,老师，我司是投资型的企业，如果有一笔关联企业的应收账款，是基金管理费来的我们支付了。可不可以往后把这个应收账款安季度摊销到管理费用去？
800705,企业发生的营业外支出可以税前扣除吗？
800706,老师，个体农场做外账，要从去年开始补到现在，其中有一笔成鱼要出售，没有购进的发票，现在期初设置资产方的消耗性生物资产，负债和所有者权益方的其它应付款，可以吗？
800707,老师!流动负债是负数是什么意思啊！我按银行实际发生做的账怎么流动负债是负数！
800708,老师，我没懂这个又还给股东。还给股东的这笔钱是用卖掉公司的资金还给股东的吗
800709,老师，现在还可以申报作废第三季度的增值税吗？重新补申报？
800710,老师，请问办公室的租金开增值税专用发票，进项可以抵扣吗？
800711,刚看到国税管理员的群发短信，叫我们报预测数，这是什么意思？
800712,请问老师，给税局提供的会计报表封面需要填写哪些内容？
800713,"老师 问下出口退税的问题 1，退税申报录单，报关单和进项发票都要一张单一张单的录入吗，有没有简单的方法 
2. 如果退税录单都在9月所属期，怎么用简单的方法变到10月所属期里"
800714,"借：库存商品9292
    应付账款-供货商  9292
    应付账款-供货商  12
    微信收少发货款 456
   贷：应付账款-供货商  9292
       银行             9660
        管理费用        100
老师这样做对吗？    这批货进货没有要发票    我是想在运费账款反应下已经扣过条幅费了   这样查这家供货商明细就可以看出来     但是不知道怎么反应"
800715,老师您好，请问建筑工程公司是有资质的，实际就是别的企业要用的，然后付费给本公司的那种，不出人工和材料费等。但是1.老总报销华夏银行的手续费，2.收陪标费，3.付陪标费，4.付开标差旅费，5.付投标饭费，都是用现金支付的，请问会计分录怎么做？内部账，初学者请详细告知，谢谢老师了
800716,请教老师，在税务局大厅认证的专票，因当时认证机上没有纸了，请问，回到公司后，如何在自己的电脑上打印出认证汇总表？以前打印过，忘了。
800717,银行支出其它代理业务资金-金融平台集中代收付清算户  300元，请问是入什么科目
800718,过了申报期就不能申报作废，重新补申报哇？
800719,股东想算下应该多少钱转让合适，我要核算那些项目，比如除了投资款和未分配利润，还有什么？
800720,老师，请问有个公司让我们先给他开票，承诺我们下个月支付货款，这个可以吗？要怎么做凭证啊
800721,你知道软件产品即征即退是怎么操作的吗
800722,"我们是新开的物业公司，一般纳税人，是不是也可以去税务机关申请简易征收？
如果是简易征收的话，房租、停车费、电费、维修费的税率是多少啊？"
800723,老师好，“其他应收款挂帐时间长没有收回可能被认为是对有关单位的分红，需要补交税款”，这里的补交税款应该补什么税款?由谁补交?
800724,餐饮业应申报应以哪种类型的纳税人申报
800725,老师，你知道软件产品即征即退是怎么操作的吗
800726,老师，我想问下，我们公司花2万，买了1万的股份，多出的钱怎么做账呢
800727,分包和总包结算工程款，做的结算单上是400万，其中包含要被总包扣掉的农民工保证金，罚款和质保金，总包和分包协商实际付款200万，然后分包就自己做主开了300万的发票给总包，说剩下的金额以后会开给总包的，对总包而言，这样行吗？
800728,老师，公司安装的楼顶发光字应该如何入账？
800729,老师，个人向我们公司支付咨询费用35万，公司需要开发票给他吗？如果不需要这个怎么入账，分录怎么做呢
800730,老师，请问发票不分什么用途，只要是增值税专用发票都可以抵扣销项发票，普通发票就只能抵扣企业所得税是吗？
800731,我们借款8949000，已经放款2633000，未放款6316000，从放款到回款总天数是1302，老板说给我们200万，可以用多少？这个怎么计算呢
800732,确认销售收入后，还需结转成本。如果当初购进货物的时候收到的是普票，现在结转记账 借主营成本 贷库存商品 ，这边的数据是不是只含税的全部金额。 如果当初收到的专票，这边的数据就是不含税金额 是吗
800733,餐饮业中一般纳税人和小规模纳税人怎样划分
800734,请教一下老师，这边现在开票一定要有税号吗？普通发票能不能开个人呀
800735,一个物业公司，只能开物业发票，电费那些开不了，好像开的是个什么单，是什么单呢
800736,"那新会计准则呢？
是什么类型公司适用？"
800737,"老师，2016年10月向总公司借据酒水一批，2017年7月才入账，要不要写情况说明

情况说明应该怎样说更清楚"
800738,想问一下个独企业是门店国地税定税能定额吗？原来有定查帐征收能改为定额吗？
800739,老师采购发票收到了，款已付，借：库存商品    应交税费 ..........    贷：银行存款  下一步：借：应交税费-进项税额   贷：应交税费........什么 科目，谢谢
800740,公司列入非正常户了，那这家公司的会计会受到什么影响？
800741,老师我冲红的发票收入应如何做会计帐务处理？
800742,老师：哪些是固定成本，哪些是变动成本
800743,请问：我公司为小规模，14年开始有固定资产折旧，但是15年一整年都忘记折旧了。本来17年折旧应该到期了，但是现在折少了一年怎么吧？
800744,老师采购发票收到了，款已付，第一部是没有认证 ， 借：库存商品      应交税费 ..........     贷：银行存款       第二部是认证的：借：应交税费-进项税额 贷：应交税费........什么 科目，谢谢
800745,老师你好，我公司租赁的厂房需要开发票，但厂房使用权是第二房东，第二房东开不了发票，现在找第一房东的下属企业开票，这样我公司该怎么办
800747,老师，你好！请问动物类的能自己开收购票吗？销镶发票的税率是17吗？可能晕方面的文件推送给我一下，我好学习下？谢谢！
800748,老师，如果一般纳税人商贸企业，一年产值2000万左右，毛利率只有5%，基本也没啥税是不是
800749,施工企业，分包不按结算单上的金额来开票，按实际支付给总包的金额开票给，总包入账会不会不合规？
800750,请问做暂估管理费用，对方科目是做什么呀
800751,我们老板要注销公司基本户，这个怎么弄
800752,老师好！公司准备注销了，未分配利润贷方有余额该怎么处理？谢谢老师！
800753,老师请问，销售部门报销聚餐费用怎么写分录啊？
800754,老师请问，销售部门报销聚餐费用怎么写分录啊？
800755,请问老师，什么时候能开税务师的直播课？
800756,老师，工程项目的计划总投资是看哪个资料填呀?
800757,excel表格这样是怎么回事，怎么调回来
800758,老师好，集装箱租赁算不算不动产租赁，几个点。谢谢
800759,计提房租两年的费用借管理费用60000贷长期待摊费用60000，支付时借待长期摊费用2500贷其他应付款2500。老师我们公司像别人租房两年老板一次性给60000款已付，这个分录怎么写，我这样对吗？
800760,老师，退税申报用软件录单，报关单和进项发票都要一张单一张单的录入吗，有没有简单的方法
800761,老师好，公司购入招待用酒，要求录入用友U8  12.0 的供应链，分录计入资产的哪一项的哪一个二级科目？急
800762,老师，我们是软件开发，开普票，明细里面配套服务器归属税收分类编码里面哪个
800763,老师，这个答案我做的也不知道对不对？感谢老师给我指导下
800764,公司购入生产车间使用的排水泵，价值600元，计入哪个科目合理些？
800765,老师好，我们做医疗咨询管理的，到时候咨询费如果说是8000元，打9折。那开票是按章多少金额开呢，账务上是怎么操作的呢？
800766,老师，还贷款分录做什么科目
800767,那这个注销了对其他账户有没有影响1，因为从开始到现在基本户都没做过账
800768,老师，年审是什么，跟年报一样吗
800769,公司购入办公桌1080元，办公椅280元，保险箱1800元，计入哪个科目合理？
800770,老师请问从别人手里转让过来的餐饮火锅店折旧费可不可以做一年摊销。不做三年或者5年摊销
800771,老师您好 请问互联网金融的会计科目设置和传统行业有什么区别 税率税负分别多少 主营业务收入是利息收入和手续费收入吗
800772,老师，下面表中工程项目的计划总投资的数据看什么资料
800773,老师，下面表中工程项目的计划总投资的数据看什么资料
800774,老师，下面表中工程项目的计划总投资的数据看什么资料
800775,老师，机动车统一发票认证抵扣和一般的增票方法一样么？为什么在国税系统认证平台查询不到这个发票
800776,老师  您好，我想问一下，我要去国税增加一个公司的办税人，需要什么资料啊
800777,老师，银行收到个人存款，银行要怎么做账
800778,老师 预付账款期末余额是-86051 应付账款期末余额 是45900 在资产负债中表  预付账款与应付账款应该怎填 ，是怎么算的
800779,"请问有谁补过16年企业所得税？主表的这行的金额 是填 什么数据的？
有没有包括我16年度汇算清缴交的那个金额？"
800780,施工企业与房地产公司签订甲供材施工合同，选择简易征收计税，然后施工企业把部分专业工程分包出去，那么分包方也属于为甲供工程提供建筑服务吗，
800781,"老师 ，作为财务负责人，如何分工出纳及会计
乡镇政府的
行政事业单位"
800782,企业增资需要税务备案吗 老师
800783,老师你好，由于信息传递的错误，我们给客户的发票已经被抵扣了，我们这边由于发票信息错误把已经被抵抗的发票作废了，现在怎么补救呀
800784,不是借款，就像我们个人往银行存钱，那银行怎么做账
800785,"请问，厂房装修发票可以抵扣吗
一般纳税人"
800786,老师，我是个体户，我开给一般纳税人，代开专票。开几个点呢。
800787,老师，开发票怎么在纸上打印出来，再在发票上打
800788,，这意思是比如投资额是100万，应纳税所得额就可以减去70万，来计税？
800789,新办的小规模纳税人，企业所得税中的成本能用普通收据吗
800790,老师，以前年度多做费用了，借记，营业费用，贷记应付职工薪酬。今年怎么调整
800791,老师，您好，我想问一个土地使用税的问题，我们公司的股东之一A公司与我们公司现在的营业住所的房东签订了一份厂房租赁合同，也就是每个月我们公司的房租是A公司替我们支付，那这样我们就不存在房租的问题，那么每季度申报土地使用税是按零申报么？需不需要A公司给我们提供什么无偿使用的协议之类的？
800792,老师，我问一下，离职补贴人员的工资是不是转到管理费用中的
800793,老师 ktv包厢消费 酒水消费 吧台消费分别记入哪里
800794,ktv包厢消费 酒水消费 吧台消费怎样做会计分录
800795,老师，有个别人的支票要入到我们账户，再以别的方式转给他，这种怎么操作好呢
800796,老师好，我们是物流公司，运费大多数都是不需要发票的，只有几个月结的客户是需要开专用增值税发票，我们是按一个一个车的收入支出做账的，这个账该怎么做，分录怎么做
800797,商场统一代收我们公司的收入，回款时，扣除手续费部分的金额回款给我们，但对方不给我们开手续费发票，我们做账报税时报含手续费的金额，还是报不含手续费的金额呢？
800798,老师，你好，我想问下，结算单上盖合同专用章的话结算有效吗，能作为付款依据吗
800799,请问物流仓储公司 购买了货架子 对方开了 货架发票和 货架包装费发票过来，货架包装材料费 怎么做账
800800,老师那每个月算成本的时候，要把它当费用要摊进去吧？
800802,老师你好！上月计提的应交税金，请问这个月交税费，那么上个月的税金款是从本月的收入中减的吗？还是应该记入上个月的成本费用？
800803,请问下老师，为什么我付给客户钱，我银行回单上是借银行存款呢
800804,固定资产进项税转出，怎么操作
800805,老师增值税专用发票领回怎么在税控盘录入
800806,老师你看我做的对吗？
800807,接手做账的时候就有一台汽车做了固定资产折旧的，但是车子不是公司名字，也不是法人名字？这个账要怎么调啊？
800808,老师，现金流量表表的期末现金金额数据是不是就是资产负债表的起初期末金额数字？
800809,代开的专票退票退税的话，是不是先不用申请那个抵退税申请表，先办退票后申请退税啊
800810,老师您好，娱乐发票若是公司不准报销的话 除了是非常规的发票 不像吃饭这种招待的发票外，还有什原因不允许报销？
800811,老师，您好，我想问一个土地使用税的问题，我们公司的股东之一A公司与我们公司现在的营业住所的房东签订了一份厂房租赁合同，也就是每个月我们公司的房租是A公司替我们支付，那这样我们就不存在房租的问题，那么每季度申报土地使用税是按零申报么？需不需要A公司给我们提供什么无偿使用的协议之类的？该地址是我们公司营业执照上的注册地址
800812,老师，前一个月做的结转制造费用做错了，其中有一个制造费用-水电费金额写错了，那么这个月直接冲销水电费可以吗
800813,还有现在福州是可以报考初级的对吗
800814,老师，年终双薪的时候是按一个月的薪资交个人所得税吗？
800815,老师，票房收入缴纳增值税，小规模纳税人和一般纳税人税率一样吗？
800816,"小规模属于小微企业的减半征收税率百分之1
0吧"
800817,老师我们是物业公司收取的固定停车费，当时收的时候做的是借银行贷其他业务收入，现在对方把车位退了，分录怎么做呢
800818,老师，承兑汇票可以转给个人吗？
800819,期末进行应付账款的对账时，有回款是代表什么意思呢
800820,运输公司租赁发票怎么开比较合适？
800821,老师，为什么最后还要转入管理费用呢？
800822,老师，公司的主办会计应该平时注意哪些问题才不会捅娄子呢？
800823,老师中午好 请问我公司转账给个人 对方没有票 我怎么做账呢
800824,老师：我给您发了个问题，一直没回复我呢
800825,"（一）除本条第（二）项规定外，纳税人购进农产品,取得一般纳税人开具的增值税专用发票或海关进口增值税专用缴款书的，以增值税专用发票或海关进口增值税专用缴款书上注明的增值税额为进项税额；从按照简易计税方法依照3%征收率计算缴纳增值税的小规模纳税人取得增值税专用发票的，以增值税专用发票上注明的金额和11%的扣除率计算进项税额；取得（开具）农产品销售发票或收购发票的，以农产品销售发票或收购发票上注明的农产品买价和11%的扣除率计算进项税额。老师请问下这上面的意思是不是我们公司开出的3个点的税也可以抵扣11个点"
800826,9月份开给客户的发票，10月份客户退回来的，发票要怎样冲红？一定要冲红吗？
800827,建筑工具运费，人工费，会计分录怎么写？
800828,老师其他业务收入在借方金额为正数，为什么一结转就变成借方负数了呢
800829,是基本账户的银行卡注消
800830,购买建筑工具运费人工费，会计分录？
800831,经理租房房租会计分录？怎么写
800833,请问老师  刚刚收到退回的2016年度多缴纳的企业所得税  借：银行存款  贷什么呢
800834,款走完了，货也回来了，发票没回来，怎么记账啊？
800835,老师您好 软件著作权和软著一样吗
800836,老师我问一下，我们公司是新成立的公司，5月份购进的大型设备固定资产从6月开始计提，我7月份出资产负债表，7月份的资产负债表中固定资产那栏期末数要怎么填？
800837,老师，房租的发票自己开给对方，要怎么开？，我没开过
800838,打个比方说9月退的票，10月就可以申请退税了吧
800839,老师好，我没有考过从业会计，现在要报考初级会计，但是我现在人在江西，明年我要到浙江去，请问我可以在江西报名，到浙江报考试吗？
800840,老师，运费厂家有返给我们2元，那我们怎么做账的
800841,假如我9月份开的出口发票是USD10000*6.1元=61000元，10/5号收到外币账户USD9995元，10/20号结汇是USD9995*6元=59970元。假如我9月份开的出口发票是USD10000*6.1元=61000元，10/5号收到外币账户USD9995元，10/20号结汇是USD9995*6元=59970元。能麻烦帮我解一下这几个凭证要怎么做吗？
800842,代开增值税专用发票已经交过税 了，我在申报增值税的时候，本期预缴额提示要填0是怎么回事？
800843,老师您好 游戏公司可以申请专利吗 还是只能申请著作权
800844,公司购入招待用酒，要求录入用友U8  12.0 的供应链，不允许直接走费用，那么分录计入资产的哪一项的哪一个二级科目？急
800845,老师，快帐软件的现金流量表数据严重错误。
800847,我们借款8949000，已经放款2633000，未放款6316000，从放款到回款总天数是1302，老板说给我们200万，可以用多少？这个怎么计算呢
800848,老师您好 游戏软件怎么可以申请专利 我看材料说一般只能申请软著
800849,老师我怎么知道我们企业的行业代码是什么呢
800850,老师您好！请问公司邀请客户来公司，客户的机票由我公司报销，但是机票上面的名字不是我公司员工，能报销吗？还是有其他办法报销？
800851,老师，我的企业是商贸企业一般纳税人，现在准备注销了，发现库存商品还有9万多在账面上，这部分该怎么处理比较合适?会不会被要求补税/？
800852,老师，我们是一个医院，现在重新装修一下，发生的装修费如何做账，发生的油漆工，木工，泥工的人工以及他们所需要人材料，我们现在都是预付他们的，那要怎么做账才能保证后期账本的连续，将近有200万的费用，这个要怎么做最合适 ，我们这个是要摊销的
800853,去年12月新增一台汽车，入固定资产，不是公司名字不能计提折旧，接手做账是今年2月，当时没有账套发我，是靠手工输入余额表进去的，固定资产就一直在折旧，现在发现问题，怎么从固定资产里面把这台车弄出来？
800854,老师，有一笔2016年的收入要确认，收入和成本的会计分录应该怎样写？谢谢！
800855,老师，公司装修的电线审计让我们做长期待摊费用，怎么做账务，当月要摊吗？分录是怎么来做
800856,老师我这收到一张转账支票，直接去银行取嘛？需不需要带什么东西？
800857,老师请问没有定额的个体工商户，是土石方工程队，是否需要建账？要开票是否要到税所申请代开？可否自己买票开机打通用发票？
800858,老师帮我看一下，这张工地加油的专票下面手签字会不会影响？
800859,老师我有事想请教一下你，工业的，1.购入原材，2.领料。3.结转库存商品，第三步结转库存商品，我已经知道生产成本几多，但我不会平均分配去产生品的单价，应该怎样分配的
800860,请问，课堂 里讲的填写现金日记账，给出了所有的内容，那实际工作中，出纳在填写日记账的时候，对方科目和编码，这一条是会计给做好了，照着写就行，还是要自己知道对方科目和编码是多少？
800861,就是200万给我们放款，我们能用多久，比如我们一个月一共借了1302天，滚动能用好多天
800862,老师，服务行业的报价单需要注意哪些？
800863,老师，假如我这个月开的车用油专用发票是6万，我的销售费用只能做3万的话，那剩下3万我怎么做账呢
800864,老师您好！现在开增值税普通发票 只填总金额  不填单价和数量吗可以吗？
800865,老师，当天开进来的进项票，当天可以去税务局认证不
800866,老师 ，我们公司向供货商买的货物  款项已经支付，直接发给客户，这种情况如何做账呢 ？
800867,资产负债表期末四万八百多点，实收资本5万，其他都是0，填写哪几个汇算清缴表
800868,@邹老师：老师，是这样的，我哥哥有个农庄，是0申报的，是独资企业。现在想把这个农庄卖了，需要哪些手续，因为到时候又要买回来到时候，又要问那个人买回来(证明买回来资产高于卖出去，是不是要注册资金也要变的）
800869,"老师你好，我们外贸部有笔个人账户收款的订单，报关了，能退税不能？？
如果不能退，要不要跟税局那边有个说明，或者怎么做"
800870,每月增值税申报表老板要签字吗？
800871,运费有没有占总销售的多少比例
800872,老师，我今天新建账套，怎么科目管理就出现金马商贸的了？我这怎么处理了
800873,老师，那我们是租人家的房子办公，这个油烟机和冰柜我们自己买的能不能报销，该怎么记
800874,老师，这个电话发票，我交149，就和金额不对应了吧？备注上是实收149.
800875,用财务软件记账还需要登记纸质账本吗？总账明细账现金银行日记账
800876,老师 你好，，外贸部把公司个人账户收款的订单 报关了，，能不能退税
800877,"老师您好，我有2个问题
1、我是小规模的驾校，请问联通公司给我们开网费发票，我需要给他提供些什么信息

2、我是小规模的驾校，驾校名字叫做1和2，第一年开业1和2都在车管所登记了，经营到第三年2号驾校实际情况处于停业状态（不再有学员报名交费了，不再有收入）现在学员报名时收入由1驾校收，学员考试用2驾校名头约考（车管所体现的是在2号驾校名下约考），我给1号驾校做账，报税，请问报税时收入是按照车管所的登记填写么"
800878,上一个项目的固定资产还有一些低值易耗品都已经计提折旧摊销完了，现在拿到另一个工程去用如何做分录？
800879,小规模收到专票，怎么办？
800881,老师，我们作了业务，对方让我们开资料费，我怎么知道单位能不能开资料费呢？
800882,老师，销售卖的好，老板发点奖金，这个是不是也应该放到工资薪金里面啊
800883,老师， 想问一下您，注册公司的需要哪些流程
800884,请教老师：从“失业保险基金管理中心”取得的“稳岗补贴”款，怎么进行账务处理呢？需要缴纳增值税吗？
800885,请教老师：从“失业保险基金管理中心”取得的“稳岗补贴”款，怎么进行账务处理呢？需要缴纳增值税吗？
800886,三证合一以后，合一前开具的发票还可以继续抵扣吗
800887,老师，法人自己的住房当办公室，房子的契税什么的可以入账吗
800888,房地产企业交给政府的墙改基金款应该归到开发成本的哪一项？
800889,老师，购买汽车放在公司名下和法人名下各有什么利弊
800890,"老师.这个我知道是领料+制造费用=产成品成本.但我知道怎样分配.例如：生产成本20334.65,结转存商品.有家具.椅子.台子.茶几..我不会.分配下去单价平均几钱一件产成品味"
800891,老师，请问软件开发，有哪些可以计入成本？
800892,老师，请问软件开发，有哪些可以计入成本？
800893,老师，公司拍得车牌，这笔费用咋记账呢？
800894,老师你好，我们是股份公司，公司股份是一元一股，但是卖价是五元一股，正常这个卖股票的收入怎么做账？这个收入算是利润吗？
800895,请问，日记账本月合计要在这行字的下面划一条红线，对吧，那么这行字的上面也要划一条红线吗？课堂老师没有详细说这地方。
800896,老师，我们店面这个月搬迁到新地方，老店的长期待摊费用比如装修费、弱点安装费用未摊销的这部分这个月怎么计提
800897,"企业的电子营业支招PIN
执照的PIN是多少位？
在哪边能看到？"
800898,老师请问，分期付款的增值税在什么时候交纳，事项结束后，开具发票时，应该全额开票，还是只按最后一笔预收账款开票？
800899,请问一下，总包和分包结算工程款，结算单上400万，里面含有本期结算要被总包扣掉的质保金，罚款，和农民工保证金50万，本期结算总包实际批复付款200万元，分包开发票230万，分包这样开票合规吗？还是分包必须按结算单上的金额开票，还是可以灵魂机动的开票，总包入账和规吗？
800900,老师请教：三个股东合伙比例是50%，30%，20%，注册资本100万，现在执照批了，但是基本户没开好，已经股东私人再付开办费用，现在整个投入增加到160万了，20%股东这样要出32万，因为现金周转问题，那12 万有另外股东垫，盈利后还，另一股东提出盈利后先60万提回，一个是160万*20%=32-20万=12（还），还有一个算是160-60（抽回）=100*20%=20万，请问那种合理，账务怎么处理？
800901,我们家是外省代开工程服务的票，增值税，城建附加说这些税代开票的时候已交，回当地还要交哪些税?
800902,一般纳税人的季度收入小于30万也免征教育费附加、地方教育费、水利基金这3项税吗？
800903,员工外出的培训费可以入到管理费用吗？并且可以全额税前抵扣吗？
800904,工程成本—人工费，怎么结转成主营业务成本，我这边是劳务公司，但是属于建筑业。
800905,上季度是亏损的，这个季度盈利。总体还是亏损，要怎么报所得税？
800906,就是公司其他应收款 要怎么做做才能冲掉呢
800907,我们没有自己的车辆，一般都是外面信息部调的车，司机运费大多现金和油卡支付，没有发票，也就没有进项税，这个又要怎么做。
800908,"法人用自己的住房当办公室，1.是否要签个合同，付租金？2,法人买的小区车位供公司停车，车库契税什么的是否可以报销？又或者需要怎么处理"
800909,老师你好我在模拟报账的时候无锡程曦磨具那个 开了360000的普票为什么填在免抵退办法出口销售额里面
800910,请教一下，我们租赁对方的厂房、设备、生产线，但设备都需要维修改造，合同约定，用购买新设备和改造的费用抵房租，但是已经有部分购买设备和改造的发票抬头开的我们自己公司，我想请问，1、已经开了 这部分发票是不是只能入我们自己的账，有没有其他解决方法。2、我还是要对方开给我租赁发票做账吗？3、这种抵账的账务具体怎么处理。麻烦老师解答。谢谢@各位答疑老师
800911,老师我们的结账总是给客户让利一部分，这个差额怎么处理怎么做分录啊
800912,一个人在两处都领有工资怎么交个人所得税？
800913,企业变更名称了，银行新发的开户许可证，还用年检吗
800914,公司准备注销，还有应收款十几万，库存70多万，未分配利润3万多是不是要平掉
800915,增值税抵扣是直接去税务局抵扣的吗？
800916,老师好，我想请教一个问题，小规模公司如何申请增值税专用发票？我们公司只能开普票
800917,我在一个公司收入4500，另外一个公司收1500，怎么缴费个人所得税
800918,老师，我问下发票作废有什么影响？
800920,老师，请问下我们是购货方，且是一般纳税人。在收取专票网上操作认证抵扣后，税已交。隔一个月发现专票上我们单位名称打错了，差几个字，请问如何处理?
800921,老师，咱们课程有教坏账的处理方法吗
800922,我是做装修行业的，工程未完成，但是开了部分的发票，我是不是按照已开发票来结转成本
800923,用友和金蝶软件有实操系统吗？在哪里下载呢？
800924,销售回款天数怎么算
800925,老师，私人车加油费怎么处理？
800926,老师：去年的账进项税额贷方还有30多万，实际为0，想冲账为0，分录怎么记呢？
800928,怎么区分那个是借方。那个是贷方
800929,个人去代开发票，这个税点由公司承担，承担的这部分税金能入公司账吗
800930,银行的收费项目除了银行的专用回单，是否还要有银行提供的发票？
800931,老师好，请问在哪里下载金蝶呢
800932,@邹老师：老师，这个需要出审计报告吗？
800933,老师，我们有一批货运车辆（7辆），车辆所有人是公司名字，但不知道为什么以前会计没有入账，现在要把它入固定资产但找不到发票了，怎么办？
800934,税务登记号和社会信用代码是同一个吗？
800935,老师，这个费用不是期末结转到本年利润里面吗？那这样也要填写到调增调减那里吗？
800936,老师，请问，我收到一张专用发票，勾选认证查不到，销售方截图过来显示报送状态为:报送中，这个是不是还没传上系统，所以查不到啊？
800937,"乙公司2017年年初所有者权益总额是800万元,2017年实现的利润总额是1200万元,本年所得税费用是300万元,提取法定盈余公积90万元,提取任意盈余公积45万元,向投资者分配利润100万元,以盈余公积转增资本150万元,则2017年末,乙公司的所有者权益总额是( )万元。麻烦老师讲解一下，是初级实物的题"
800938,老师 员工工作牌丢失 现重新购买我们收到钱后开了一张收据怎么做账
800939,当时这台车做成固定资产了，其实车子名字不是公司，现在已做固定资产清理，销售处理还没做，怎么能把这个账做平？
800940,车间装修费计入管理费用还是制造费用
800941,我想问一下，就是我们公司以前的会计走啦，然后我去上班，以前报税是他报，我需不需要去税务局把报税人改成我自己
800942,"我之前有购买了原始股，钱已到期，至今未回，有简单写了一份收条，请问这笔钱怎么收回呢
上面有对方的签名和手印"
800943,老师好请问粮食部门收购国家储备粮取得的保管费用补贴需要交税吗？
800944,:是啊，就问现在拿过来再用咋入账的？
800945,"老师，我们是渣土运输公司，经营范围：城市周边建筑垃圾、渣土运输，土石挖填平整、机械材料销售及维修修理、市容市貌整理、机械设备租赁。
1、我们是属于什么行业的？
2、我在网校该学些什么对应的课程才好？"
800946,老师 从购入到出售累计确认的投资收益 与 对公司的年度损益的影响 的计算方法为什么是相同的呢？年度损益不是包括投资收益和公允价值投资收益吗两个科目吗？
800947,老师 从购入到出售累计确认的投资收益 与 对公司的年度损益的影响 的计算方法为什么是相同的呢？年度损益不是包括投资收益和公允价值投资收益吗两个科目吗？
800948,请问买物质的运费没有发票，叫快递公司开发票，发票上应开几个点？
800949,您好，我想问一下，我们现在有以前销售13%税率的商品，现在补做收入，应该是按照13%计税，还是按照11%计税
800950,老师：商业承兑汇票贴现利息要入财务费用的话，必须有发票吗？谢谢
800951,请问老师，公司把拥有100%股权的某公司100%的转让给其他公司，除了缴纳印花税，企业所得税，还有没有其他税种要缴纳，被转让的企业是房地产开发公司
800952,外贸部把个人账户收款的单子报关，税局那边用不用做个什么说明
800953,:我们领导说正常纳税，这样的话我调账会不会有问题呀？
800954,老师好，我们公司去年的增值税税负不到1个点，今年的增值税交的比较多，打到2   3个点了，这样的话在税务局那边会有问题吗？
800955,公司领导拿库存商品送人，分录怎么做？成本怎么结转？不考虑税
800956,银行存款什么情况下为负
800957,老师，本单位原来用的甲公司的税号开的发票但未做账，现在因为些原因不用甲公司税号改用乙公司的要找销货方红冲发票重新开乙户头的，假如销货方不开红字发票直接重新开乙公司税号的发票，对甲公司会有影响吗？都是普通发票
800958,"老师 我想问问  我之前做财务只是负责自己的财务板块  现在老板要我协助采购和仓库 也把他们的板块用起来 
我都不会弄 啊"
800959,你好老师，我公司每月出口销售额为93000美金左右，折合人民币600000左右，那我认证的原材料进项大概认证多少比较合适
800960,老师，请问一下，公司开发微信商城的开发费用能当做研发费用归集吗，等正式完工后是不是转无形资产？
800961,老师，请问筹建期的固定资产，目前是未使用状态，请问需要按照当月购入，下月计提的原则嘛？
800962,注会 报名的条件 考试的时间，注会是5年的时间得通过？那是不是成绩单科每门保留4/5年？
800963,老师，同刚刚问，我没拿到发票期间，还是按正常的摊销每个月租金吗？贷方是预付账款吗？
800964,正常企业都是一套外帐，一套内帐，但是发票和单子都粘贴在外帐上，内帐怎么做？复印吗
800965,医院购买的电视机，一共10台，这个费用需要分摊到各各部门的吗
800966,老师有如何粘贴凭证的课程吗？
800967,你好，我想问一下供应商去税局代开3个点的增值税专用加工费发票我们，可以抵扣吗
800968,请教一下老师，我们厂购材料一般都是从经销商手里买，付款直接付至经销商私账上，然后经销商安排厂家给我们开专票，像这样的资金流跟发票流不一致要怎么处理掉好
800969,老师，我是十月9号上班的，这月后面都全勤了，到时工资该怎么计算，因为前面八天还不是公司的员工着呢，但那八天又属于公休
800970,老师，我公司8月售出货物960元，票已开，由于产品问题，客户要退货，但是客户货有用了一点，退了一部分货，实际应该要退他800元，但是客户为了方便，要求用私账转给他扣除稅的部分（800/1.17），这样就不用开负票，账务也不要处理了，请问这样的方法行得通吗？
800971,如果经营范围不包含金融业务他们能给地产融资吗？
800972,老师建筑行业市地级不用到项目所在地报验，请问自己开发票还需要在主管税务机关预交税款吗？如果没有预交需要怎么处理？
800973,老师好，我们公司 和个人签的租车协议，协议规定，车的一切费用由公司来出同时公司不再出租金，这样可以做账吗？我们一直都这样做的
800974,机动车发票，已经买了购置税，保险，但是认证不能通过怎么办呢
800975,机动车发票，已经买了购置税，保险，但是认证不能通过怎么办呢
800976,老师问一下无票收入怎么做账？
800977,请问工业企业出租专利权缴纳增值税吗？
800978,快帐软件现金流量表数据有误，问客服让我自己去编辑
800979,普票专票上面度没有纳税识别号可以吗？
800980,老师 这个日记账的编号是怎么回事，怎么知道其号码？
800981,老师，月销售额&amp;lt;10万（季度&amp;lt;30万）的小规模企业，只需要缴纳增值税和城建税是吗
800982,@王雁鸣老师:那去年的我可以补申报，今年1月份的我是不是可以调账呢？
800983,老师，按余额录了，也对过金额了，还是不平衡，怎么办呢？
800984,老师 问下 这个工资个税对不对的 其它里的800元要不要交个税的
800985,"老师
普票和专用发票的区别在哪"
800986,我们公司是小规模，开票内容是安装工程服务，我们应该增加的征收品目是什么，可以增加现代其他服务吗
800987,建筑安装方面营改增后挂靠单位开发票给甲方，成本票的问题一般怎么解决？
800988,经营活动产生的现金流量净额是负数的情况，改资产负债表或利润表哪个数，能变成正数？
800989,老师，工厂食堂工作人员的工资应该计入管理费用，而不是制造费用吧，我想确认一下
800991,是平的，但就是录入后不平了
800992,2016年12月的公积金  在次年1月缴纳。请问汇缴时  算2016年度的实交数据吗？
800993,公司购入一辆轿车作固定资产取得的进项税可以一次性抵扣吗？
800994,老师你好，申报企业所得税，应纳税额取数是取本年利润的期末余额，还是本年利润的本期发生额
800995,专利权出租税率是6%？
800997,除了基本工资 计税工资还可以扣除什么费用？
800998,不是很理解可以请老师讲细一点吗？材料在贷方已经是转出了？
800999,您好我想问问，我司进项税票不够了，给朋友公司买了发票，给几个点合适，3个点亏不亏
801000,老师 请问关于增值税专用红字发票冲红     是不是要分情况确定由哪方申请信息表。但是最后开具红票的一定是销售方？
801001,一个产品调整了价格，系统没有自动取值，那成本如何取数呢？
801002,老师，小规模纳税人年收入没有达到一般纳税人的要求，能主动要求变更为一般纳税人吗？
801003,老师，我们往超市供货，是经销模式，卖多少回多少货款，前一段超市为了提升销量，让我们空出单了一笔，直接在收银台刷了销量，最后老板报销这笔钱，我该怎么去做账，.....
801004,老师请教一下，我公司是生产企业，一只是只做内销，现在开始要做一些外销的业务，公司不做出口权认证的，外贸网站推广的发票开过来能入账吗
801005,小规模纳税人到地税代开房租增值税发票，我应该缴纳哪些税费？
801006,老师，别人给我们付款80000元，但是当时说好可不开票，但是先她说给我们付税金，让我们开票，那我们应该收多少税金？
801007,你好，老师，图书已经申请免税了，在图书范围能不能开教辅资料
801008,老师你好，kis金蝶迷你单机版的，新建账的时候录起初余额没有预收预付我在会计科目里添加了，资产负债表里面也没有啊！报表不平，要怎么添加进去呢？公式是什么啊
801009,企业处置捐赠资产，需要承担什么税费，以及处理中存在什么困难
801010,普票和专票的开票税率是怎么定的
801011,广告公司进项抵销项这么做
801012,我要付给用户15万元，其中5万元要银行付款，10万元要付承兑，那我们用户应该给我们开收据时开多少？
801014,老师，企业在处置捐赠资产有房屋及土地，涉及什么税费
801015,老师请问 建筑专用成本科目是
801016,老师 请教下老师，公司以80万买入一台设备  分10个月租给客户  每个月的租金为10万元  最后一个月以1元的价格将设备买给客户  请问应该如何做账务处理
801018,建筑行业的增值税和企业所得税按项目核算，那申报时怎么按项目申报呀？还有企业所得税什么时候核算和缴纳？
801020,老师，你好！请问“交易性金融资产持有期间收到的现金股利一定会影响投资收益。”这句话为什么错误?
801021,老师，销售退货，而且只退一部分货，那么之前开出去的发票，现在发生退货了，该怎么处理
801022,想问一下   咨询公司做账  能用装修发票吗
801023,转让公司需要注意什么吗
801025,老师，代开专票是不是分的代开普票和增票
801026,"老师，啥时候用财务费用啥时候用营业外收入，比如，购货1020，，实际付了1000元，这零头对方少了，，借库存商品1002贷库存现金1000，营业外收入20可以这样做吗？

是不是如果是优惠的话就计入营业外收入，销售折扣的话就计入财务费用，比如借库存商品1020 贷库存现金1000财务费用-20
老师我的理解对吗？ 
如果是销售的话，借现金1000"
801027,老师，请问公交卡充值的电子发票不征税的能全额扣除吗？
801028,老师，请问营业费用和销售费用区别？
801029,企业库存很多，如何消化这些库存
801030,老师我们公司是让劳务公司给交保险，10月中旬时我们把公司8到10月份的保险单位部分和个人部分一起汇给了对方公司，但实际上我们工资表只做到了9月份，这样的话财务账务处理先预提对吗？完了再结转支付？帮我看看我下面的分录对吗？不对的话该怎么调整？
801031,资产表，其他应收200多万，其他应付500多万，这是不是不妥当呢
801032,老师，请问公交卡充值的电子发票不征税的计入哪个科目，所得税能全额扣除
801033,老师，你好！物业公司放发工资时，有保安部、工程部、保洁部、绿化部，应该怎么做分录呢？谢谢！
801034,老师，毛巾，洗衣液，拖把，纸杯等一批物品共计1000元能入办公费吗？
801035,房地产企业付的散装水泥专项基金款应计入开发成本的哪个明细？
801036,1、工会发放的节日慰问品的账务处理，（职工活动支出还是维权支出或是行政支出）2、工会名义慰问生病职工的账务处理，
801037,购买一批产品，入库后发现产品质量有问题，与供应商协商少付500元，这500元做账入什么科目？
801038,想问一下，之前8月份买了财务软件，一直没用，现在想用了，这期初余额怎么录入啊
801040,请问：子公司代集团高管发工资2万，当时集团跟子公司挂的往来分录借：个人借支 贷：往来  现在子公司要冲借支怎么做分录？
801041,一家公司做化工的，去年签合同的时候写的是导热油，金额差不多300万，后面开票的时候开的是橡胶油（这个橡胶油是导热油下面的一个品种），去年开始到现在陆陆续续开了300万的金额的，之前开票的也已经认证过了，现在的问题是，这个品项开错了，问题大不大？如果问题大的话，要如何补救？
801042,老师 注册商标算在无形资产  摊销吗  刚开始学不太懂
